root_seed,domain,scheme,trajectory_id,target_slot,prediction_nmse,actual_weighted_throughput_bps,joint_qos_outage,minimum_actual_sinr,maximum_constraint_violation,minimum_design_payload_bits,maximum_design_payload_bits,mean_design_payload_bits,design_payload_bits_user_1,design_payload_bits_user_2,design_payload_bits_user_3,design_payload_bits_user_4,mean_causal_channel_variation,causal_channel_variation_user_1,causal_channel_variation_user_2,causal_channel_variation_user_3,causal_channel_variation_user_4,control_total_s
701,in_domain,padu_primal_dual_unfolding,in-domain-test-00000,3,0.20057877898216248,214507984.0,0,0.3516794443130493,0.0,16.0,16.0,16.0,16.0,16.0,16.0,16.0,0.2233293652534485,0.28544139862060547,0.23714156448841095,0.18123385310173035,0.18950064480304718,0.0018540416666610327
701,in_domain,padu_primal_dual_unfolding,in-domain-test-00000,4,0.21276049315929413,212907136.0,0,0.38705897331237793,0.0,16.0,16.0,16.0,16.0,16.0,16.0,16.0,0.2210673987865448,0.29786765575408936,0.18985983729362488,0.17031148076057434,0.22623062133789062,0.0018540416666610327
701,in_domain,padu_primal_dual_unfolding,in-domain-test-00000,5,0.19501453638076782,218279200.0,0,0.3834376633167267,0.0,16.0,16.0,16.0,16.0,16.0,16.0,16.0,0.23988065868616104,0.3538028597831726,0.19229644536972046,0.18728893995285034,0.22613438963890076,0.0018540416666610327
701,in_domain,padu_primal_dual_unfolding,in-domain-test-00000,6,0.21582621335983276,218637344.0,0,0.35521265864372253,0.0,16.0,16.0,16.0,16.0,16.0,16.0,16.0,0.2487880289554596,0.3695548176765442,0.21773463487625122,0.18218562006950378,0.22567704319953918,0.0018540416666610327
701,in_domain,padu_primal_dual_unfolding,in-domain-test-00000,7,0.19652438163757324,205355792.0,0,0.35971182584762573,1.1920928955078125e-07,16.0,16.0,16.0,16.0,16.0,16.0,16.0,0.2519616633653641,0.3607727289199829,0.20779618620872498,0.16514241695404053,0.2741353213787079,0.0018540416666610327
701,in_domain,padu_primal_dual_unfolding,in-domain-test-00000,8,0.1938251554965973,225060128.0,0,0.40915071964263916,0.0,16.0,16.0,16.0,16.0,16.0,16.0,16.0,0.23742396757006645,0.2912970781326294,0.18821954727172852,0.17171303927898407,0.29846620559692383,0.0018540416666610327
701,in_domain,padu_primal_dual_unfolding,in-domain-test-00000,9,0.17733493447303772,235010080.0,0,0.40626779198646545,0.0,16.0,16.0,16.0,16.0,16.0,16.0,16.0,0.23441575095057487,0.30534449219703674,0.1774330884218216,0.19067761301994324,0.2642078101634979,0.0018540416666610327
701,in_domain,padu_primal_dual_unfolding,in-domain-test-00000,10,0.1908741444349289,241541232.0,0,0.39855942130088806,0.0,16.0,16.0,16.0,16.0,16.0,16.0,16.0,0.2363807000219822,0.32234281301498413,0.1949688196182251,0.19176281988620758,0.23644834756851196,0.0018540416666610327
701,in_domain,padu_primal_dual_unfolding,in-domain-test-00000,11,0.21326524019241333,239185408.0,0,0.396606981754303,0.0,16.0,16.0,16.0,16.0,16.0,16.0,16.0,0.21648653224110603,0.3024197220802307,0.1854923963546753,0.1748039424419403,0.20323006808757782,0.0018540416666610327
701,in_domain,padu_primal_dual_unfolding,in-domain-test-00000,12,0.17400005459785461,247284688.0,0,0.4242379069328308,1.1920928955078125e-07,16.0,16.0,16.0,16.0,16.0,16.0,16.0,0.2290097437798977,0.3718176484107971,0.16791285574436188,0.1670806109905243,0.20922785997390747,0.0018540416666610327
701,in_domain,padu_primal_dual_unfolding,in-domain-test-00000,13,0.20510104298591614,245599648.0,0,0.4136087894439697,1.1920928955078125e-07,16.0,16.0,16.0,16.0,16.0,16.0,16.0,0.22082791849970818,0.3364909291267395,0.1470661759376526,0.1823144406080246,0.21744012832641602,0.0018540416666610327
701,in_domain,padu_primal_dual_unfolding,in-domain-test-00000,14,0.2012060135602951,242822544.0,0,0.40502575039863586,0.0,16.0,16.0,16.0,16.0,16.0,16.0,16.0,0.22745675221085548,0.30195677280426025,0.17865878343582153,0.20414453744888306,0.2250669151544571,0.0018540416666610327
701,in_domain,padu_primal_dual_unfolding,in-domain-test-00000,15,0.19263216853141785,220854272.0,0,0.4021119773387909,0.0,16.0,16.0,16.0,16.0,16.0,16.0,16.0,0.23635511472821236,0.293226033449173,0.20717425644397736,0.20260566473007202,0.24241450428962708,0.0018540416666610327
701,in_domain,padu_primal_dual_unfolding,in-domain-test-00000,16,0.19987402856349945,217014928.0,0,0.3323710560798645,0.0,16.0,16.0,16.0,16.0,16.0,16.0,16.0,0.21266819164156914,0.26500311493873596,0.1786881536245346,0.19567039608955383,0.21131110191345215,0.0018540416666610327
701,in_domain,padu_primal_dual_unfolding,in-domain-test-00000,17,0.21510030329227448,197006960.0,0,0.34544795751571655,0.0,16.0,16.0,16.0,16.0,16.0,16.0,16.0,0.22522880136966705,0.35050123929977417,0.17955282330513,0.1777607947587967,0.19310034811496735,0.0018540416666610327
701,in_domain,padu_primal_dual_unfolding,in-domain-test-00000,18,0.20992667973041534,219137104.0,0,0.4178970754146576,0.0,16.0,16.0,16.0,16.0,16.0,16.0,16.0,0.25858668982982635,0.4449429512023926,0.2043917328119278,0.1781488060951233,0.20686326920986176,0.0018540416666610327
701,in_domain,padu_primal_dual_unfolding,in-domain-test-00000,19,0.20706628262996674,216853792.0,0,0.3681095540523529,0.0,16.0,16.0,16.0,16.0,16.0,16.0,16.0,0.2725805267691612,0.44171202182769775,0.20173919200897217,0.2211930751800537,0.22567781805992126,0.0018540416666610327
701,in_domain,padu_primal_dual_unfolding,in-domain-test-00000,20,0.2108553647994995,201695120.0,0,0.2869061231613159,0.0,16.0,16.0,16.0,16.0,16.0,16.0,16.0,0.2524404972791672,0.4230794310569763,0.18021565675735474,0.21279776096343994,0.1936691403388977,0.0018540416666610327
701,in_domain,padu_primal_dual_unfolding,in-domain-test-00000,21,0.1860167384147644,220913712.0,0,0.41250136494636536,0.0,16.0,16.0,16.0,16.0,16.0,16.0,16.0,0.23302927985787392,0.38877707719802856,0.16405202448368073,0.18969294428825378,0.1895950734615326,0.0018540416666610327
701,in_domain,padu_primal_dual_unfolding,in-domain-test-00000,22,0.16556763648986816,236580736.0,0,0.41979673504829407,1.1920928955078125e-07,16.0,16.0,16.0,16.0,16.0,16.0,16.0,0.22175289690494537,0.3169601559638977,0.15853899717330933,0.18598395586013794,0.22552847862243652,0.0018540416666610327
701,in_domain,padu_primal_dual_unfolding,in-domain-test-00000,23,0.16783832013607025,242170704.0,0,0.41255080699920654,1.1920928955078125e-07,16.0,16.0,16.0,16.0,16.0,16.0,16.0,0.21152418106794357,0.29314690828323364,0.15889883041381836,0.17421770095825195,0.21983328461647034,0.0018540416666610327
701,in_domain,padu_primal_dual_unfolding,in-domain-test-00000,24,0.20504765212535858,237802368.0,0,0.4340592324733734,0.0,16.0,16.0,16.0,16.0,16.0,16.0,16.0,0.2135278321802616,0.29045671224594116,0.15301837027072906,0.186333566904068,0.22430267930030823,0.0018540416666610327
701,in_domain,padu_primal_dual_unfolding,in-domain-test-00000,25,0.20489993691444397,227465024.0,0,0.43140673637390137,1.1920928955078125e-07,16.0,16.0,16.0,16.0,16.0,16.0,16.0,0.20758259668946266,0.24820303916931152,0.16116756200790405,0.17666228115558624,0.24429750442504883,0.0018540416666610327
701,in_domain,padu_primal_dual_unfolding,in-domain-test-00000,26,0.20804572105407715,211855984.0,0,0.40319517254829407,0.0,16.0,16.0,16.0,16.0,16.0,16.0,16.0,0.21618125587701797,0.24261514842510223,0.17405512928962708,0.18189434707164764,0.26616039872169495,0.0018540416666610327
701,in_domain,padu_primal_dual_unfolding,in-domain-test-00000,27,0.2011646032333374,220064096.0,0,0.4117621183395386,0.0,16.0,16.0,16.0,16.0,16.0,16.0,16.0,0.2382594533264637,0.28086185455322266,0.19713281095027924,0.19883772730827332,0.2762054204940796,0.0018540416666610327
701,in_domain,padu_primal_dual_unfolding,in-domain-test-00000,28,0.18955694139003754,232159408.0,0,0.40545931458473206,0.0,16.0,16.0,16.0,16.0,16.0,16.0,16.0,0.22927341237664223,0.256025493144989,0.20042364299297333,0.19620826840400696,0.2644362449645996,0.0018540416666610327
701,in_domain,padu_primal_dual_unfolding,in-domain-test-00000,29,0.2038424015045166,230517680.0,0,0.39354580640792847,0.0,16.0,16.0,16.0,16.0,16.0,16.0,16.0,0.22827354073524475,0.25534409284591675,0.18606862425804138,0.18549081683158875,0.28619062900543213,0.0018540416666610327
701,in_domain,padu_primal_dual_unfolding,in-domain-test-00000,30,0.20433753728866577,232582928.0,0,0.4194355309009552,0.0,16.0,16.0,16.0,16.0,16.0,16.0,16.0,0.2529114559292793,0.3268042802810669,0.20091524720191956,0.1767197847366333,0.30720651149749756,0.0018540416666610327
701,in_domain,padu_primal_dual_unfolding,in-domain-test-00000,31,0.22165340185165405,237134672.0,0,0.4286441504955292,0.0,16.0,16.0,16.0,16.0,16.0,16.0,16.0,0.2543840669095516,0.34742915630340576,0.19216684997081757,0.1846151351928711,0.29332512617111206,0.0018540416666610327
701,in_domain,padu_primal_dual_unfolding,in-domain-test-00000,32,0.19604507088661194,241312272.0,0,0.44429051876068115,0.0,16.0,16.0,16.0,16.0,16.0,16.0,16.0,0.24722402542829514,0.3481788635253906,0.19261303544044495,0.1895093321800232,0.2585948705673218,0.0018540416666610327
701,in_domain,padu_primal_dual_unfolding,in-domain-test-00000,33,0.18828298151493073,227330480.0,0,0.43229368329048157,0.0,16.0,16.0,16.0,16.0,16.0,16.0,16.0,0.24083024263381958,0.3179788291454315,0.20750905573368073,0.1940620094537735,0.24377107620239258,0.0018540416666610327
701,in_domain,padu_primal_dual_unfolding,in-domain-test-00000,34,0.20374822616577148,218925936.0,0,0.39125657081604004,0.0,16.0,16.0,16.0,16.0,16.0,16.0,16.0,0.22902552783489227,0.2869366705417633,0.19724899530410767,0.18442673981189728,0.24748970568180084,0.0018540416666610327
701,in_domain,padu_primal_dual_unfolding,in-domain-test-00000,35,0.2125278115272522,193503248.0,0,0.38501718640327454,0.0,16.0,16.0,16.0,16.0,16.0,16.0,16.0,0.2269437573850155,0.31991279125213623,0.17957697808742523,0.17880088090896606,0.22948437929153442,0.0018540416666610327
701,in_domain,padu_primal_dual_unfolding,in-domain-test-00000,36,0.20550867915153503,207350912.0,0,0.3500596284866333,0.0,16.0,16.0,16.0,16.0,16.0,16.0,16.0,0.2503592483699322,0.35807496309280396,0.21079401671886444,0.20138061046600342,0.23118740320205688,0.0018540416666610327
701,in_domain,padu_primal_dual_unfolding,in-domain-test-00000,37,0.2118494063615799,223159968.0,0,0.38277697563171387,0.0,16.0,16.0,16.0,16.0,16.0,16.0,16.0,0.2577074058353901,0.3643872141838074,0.221090167760849,0.20704485476016998,0.238307386636734,0.0018540416666610327
701,in_domain,padu_primal_dual_unfolding,in-domain-test-00000,38,0.2169981449842453,222042592.0,0,0.4077197015285492,0.0,16.0,16.0,16.0,16.0,16.0,16.0,16.0,0.25586868822574615,0.3782584071159363,0.19338566064834595,0.1811603307723999,0.2706703543663025,0.0018540416666610327
701,in_domain,padu_primal_dual_unfolding,in-domain-test-00000,39,0.19536665081977844,215946432.0,0,0.3880981504917145,0.0,16.0,16.0,16.0,16.0,16.0,16.0,16.0,0.25975149497389793,0.37956321239471436,0.2093331217765808,0.18573890626430511,0.26437073945999146,0.0018540416666610327
701,in_domain,padu_primal_dual_unfolding,in-domain-test-00000,40,0.18878497183322906,230654592.0,0,0.4366818368434906,0.0,16.0,16.0,16.0,16.0,16.0,16.0,16.0,0.24037881195545197,0.3313860595226288,0.19980868697166443,0.2032010555267334,0.22711944580078125,0.0018540416666610327
701,in_domain,padu_primal_dual_unfolding,in-domain-test-00000,41,0.19488763809204102,237870864.0,0,0.43898239731788635,0.0,16.0,16.0,16.0,16.0,16.0,16.0,16.0,0.21071655303239822,0.2605254650115967,0.17336374521255493,0.19580847024917603,0.21316853165626526,0.0018540416666610327
701,in_domain,padu_primal_dual_unfolding,in-domain-test-00000,42,0.20784351229667664,230977760.0,0,0.4127960801124573,0.0,16.0,16.0,16.0,16.0,16.0,16.0,16.0,0.20662588998675346,0.26670169830322266,0.17789322137832642,0.16862225532531738,0.2132863849401474,0.0018540416666610327
701,in_domain,padu_primal_dual_unfolding,in-domain-test-00000,43,0.2027699202299118,234565088.0,0,0.39287862181663513,0.0,16.0,16.0,16.0,16.0,16.0,16.0,16.0,0.22966821119189262,0.340584397315979,0.20844748616218567,0.14143237471580505,0.22820858657360077,0.0018540416666610327
701,in_domain,padu_primal_dual_unfolding,in-domain-test-00000,44,0.21383731067180634,228069312.0,0,0.42156803607940674,0.0,16.0,16.0,16.0,16.0,16.0,16.0,16.0,0.2301282361149788,0.35573700070381165,0.21011030673980713,0.15479645133018494,0.19986918568611145,0.0018540416666610327
701,in_domain,padu_primal_dual_unfolding,in-domain-test-00000,45,0.18654200434684753,229449984.0,0,0.404964804649353,0.0,16.0,16.0,16.0,16.0,16.0,16.0,16.0,0.22248676791787148,0.3448178768157959,0.21294426918029785,0.16001974046230316,0.172165185213089,0.0018540416666610327
701,in_domain,padu_primal_dual_unfolding,in-domain-test-00000,46,0.21454066038131714,214570656.0,0,0.39740684628486633,0.0,16.0,16.0,16.0,16.0,16.0,16.0,16.0,0.22292062640190125,0.33353227376937866,0.2224396914243698,0.15412823855876923,0.18158230185508728,0.0018540416666610327
701,in_domain,padu_primal_dual_unfolding,in-domain-test-00000,47,0.2076168656349182,219013152.0,0,0.3864394426345825,0.0,16.0,16.0,16.0,16.0,16.0,16.0,16.0,0.22724297270178795,0.3225172758102417,0.19386133551597595,0.1661253124475479,0.22646796703338623,0.0018540416666610327
701,in_domain,padu_primal_dual_unfolding,in-domain-test-00000,48,0.2109932005405426,204510544.0,0,0.37390029430389404,1.1920928955078125e-07,16.0,16.0,16.0,16.0,16.0,16.0,16.0,0.23205184563994408,0.32328107953071594,0.18564718961715698,0.1857324242591858,0.2335466891527176,0.0018540416666610327
701,in_domain,padu_primal_dual_unfolding,in-domain-test-00000,49,0.1981085240840912,226765520.0,0,0.41361093521118164,0.0,16.0,16.0,16.0,16.0,16.0,16.0,16.0,0.24349379539489746,0.3264566659927368,0.23397314548492432,0.1999455690383911,0.2135998010635376,0.0018540416666610327
701,in_domain,padu_primal_dual_unfolding,in-domain-test-00000,50,0.17886674404144287,220840544.0,0,0.3782355487346649,0.0,16.0,16.0,16.0,16.0,16.0,16.0,16.0,0.23965571820735931,0.30442872643470764,0.2498125433921814,0.17178013920783997,0.23260146379470825,0.0018540416666610327
701,in_domain,padu_primal_dual_unfolding,in-domain-test-00001,3,0.21771493554115295,218576528.0,0,0.3859831690788269,0.0,16.0,16.0,16.0,16.0,16.0,16.0,16.0,0.24907192215323448,0.24640101194381714,0.19827279448509216,0.3022613525390625,0.24935252964496613,0.0018696541666637738
701,in_domain,padu_primal_dual_unfolding,in-domain-test-00001,4,0.21372590959072113,226855344.0,0,0.40243399143218994,0.0,16.0,16.0,16.0,16.0,16.0,16.0,16.0,0.24343621358275414,0.22516284883022308,0.20623129606246948,0.29231494665145874,0.25003576278686523,0.0018696541666637738
701,in_domain,padu_primal_dual_unfolding,in-domain-test-00001,5,0.20608708262443542,222879024.0,0,0.409944623708725,0.0,16.0,16.0,16.0,16.0,16.0,16.0,16.0,0.24146518111228943,0.2574979364871979,0.22566808760166168,0.27352458238601685,0.2091701179742813,0.0018696541666637738
701,in_domain,padu_primal_dual_unfolding,in-domain-test-00001,6,0.19637425243854523,222407552.0,0,0.39957213401794434,1.1920928955078125e-07,16.0,16.0,16.0,16.0,16.0,16.0,16.0,0.2355567142367363,0.2712465524673462,0.2213050127029419,0.25961339473724365,0.19006189703941345,0.0018696541666637738
701,in_domain,padu_primal_dual_unfolding,in-domain-test-00001,7,0.2110658437013626,204129248.0,0,0.35140833258628845,0.0,16.0,16.0,16.0,16.0,16.0,16.0,16.0,0.22770952060818672,0.2654574513435364,0.21623657643795013,0.23678669333457947,0.1923573613166809,0.0018696541666637738
701,in_domain,padu_primal_dual_unfolding,in-domain-test-00001,8,0.201201394200325,212505312.0,0,0.39591047167778015,0.0,16.0,16.0,16.0,16.0,16.0,16.0,16.0,0.22977951914072037,0.2454010248184204,0.21739152073860168,0.2128840684890747,0.24344146251678467,0.0018696541666637738
701,in_domain,padu_primal_dual_unfolding,in-domain-test-00001,9,0.21956370770931244,221973056.0,0,0.39245063066482544,0.0,16.0,16.0,16.0,16.0,16.0,16.0,16.0,0.24285143613815308,0.2553253471851349,0.19147470593452454,0.27171069383621216,0.2528949975967407,0.0018696541666637738
701,in_domain,padu_primal_dual_unfolding,in-domain-test-00001,10,0.21000520884990692,221033360.0,0,0.39457863569259644,0.0,16.0,16.0,16.0,16.0,16.0,16.0,16.0,0.253771148622036,0.2940652072429657,0.16837430000305176,0.3034173846244812,0.24922770261764526,0.0018696541666637738
701,in_domain,padu_primal_dual_unfolding,in-domain-test-00001,11,0.22192227840423584,222653632.0,0,0.38711175322532654,1.1920928955078125e-07,16.0,16.0,16.0,16.0,16.0,16.0,16.0,0.2610609419643879,0.2927573025226593,0.18861567974090576,0.3141629099845886,0.2487078756093979,0.0018696541666637738
701,in_domain,padu_primal_dual_unfolding,in-domain-test-00001,12,0.22253546118736267,226962400.0,0,0.40283700823783875,0.0,16.0,16.0,16.0,16.0,16.0,16.0,16.0,0.2554768845438957,0.27348238229751587,0.1853722333908081,0.3016199767589569,0.261432945728302,0.0018696541666637738
701,in_domain,padu_primal_dual_unfolding,in-domain-test-00001,13,0.22762151062488556,218981760.0,0,0.41483697295188904,0.0,16.0,16.0,16.0,16.0,16.0,16.0,16.0,0.24767132103443146,0.2797973155975342,0.19566717743873596,0.25437095761299133,0.26084983348846436,0.0018696541666637738
701,in_domain,padu_primal_dual_unfolding,in-domain-test-00001,14,0.22235561907291412,215845344.0,0,0.423820436000824,0.0,16.0,16.0,16.0,16.0,16.0,16.0,16.0,0.25063059478998184,0.30407625436782837,0.21916526556015015,0.24729660153388977,0.23198425769805908,0.0018696541666637738
701,in_domain,padu_primal_dual_unfolding,in-domain-test-00001,15,0.2010895162820816,196414032.0,0,0.38024863600730896,0.0,16.0,16.0,16.0,16.0,16.0,16.0,16.0,0.2514146938920021,0.2877882719039917,0.20626702904701233,0.26015761494636536,0.25144585967063904,0.0018696541666637738
701,in_domain,padu_primal_dual_unfolding,in-domain-test-00001,16,0.21523351967334747,201328048.0,0,0.3459874987602234,0.0,16.0,16.0,16.0,16.0,16.0,16.0,16.0,0.23210114985704422,0.27264559268951416,0.2038368284702301,0.2387019693851471,0.21322020888328552,0.0018696541666637738
701,in_domain,padu_primal_dual_unfolding,in-domain-test-00001,17,0.22584152221679688,215959232.0,0,0.4041404724121094,1.1920928955078125e-07,16.0,16.0,16.0,16.0,16.0,16.0,16.0,0.24149396643042564,0.3034440875053406,0.23184433579444885,0.23225730657577515,0.198430135846138,0.0018696541666637738
701,in_domain,padu_primal_dual_unfolding,in-domain-test-00001,18,0.20699432492256165,223919504.0,0,0.4121742248535156,0.0,16.0,16.0,16.0,16.0,16.0,16.0,16.0,0.25450002774596214,0.28781968355178833,0.23638860881328583,0.2653810679912567,0.2284107506275177,0.0018696541666637738
701,in_domain,padu_primal_dual_unfolding,in-domain-test-00001,19,0.208750382065773,210682512.0,0,0.3736865520477295,0.0,16.0,16.0,16.0,16.0,16.0,16.0,16.0,0.23869343101978302,0.24200177192687988,0.21224293112754822,0.2623217701911926,0.23820725083351135,0.0018696541666637738
701,in_domain,padu_primal_dual_unfolding,in-domain-test-00001,20,0.21918241679668427,200608144.0,0,0.37211671471595764,0.0,16.0,16.0,16.0,16.0,16.0,16.0,16.0,0.245647594332695,0.24008110165596008,0.19635894894599915,0.29170548915863037,0.25444483757019043,0.0018696541666637738
701,in_domain,padu_primal_dual_unfolding,in-domain-test-00001,21,0.21122422814369202,208067776.0,0,0.40056249499320984,0.0,16.0,16.0,16.0,16.0,16.0,16.0,16.0,0.2538875676691532,0.2720654010772705,0.1816321164369583,0.30655568838119507,0.25529706478118896,0.0018696541666637738
701,in_domain,padu_primal_dual_unfolding,in-domain-test-00001,22,0.2099294513463974,210786752.0,0,0.38156771659851074,0.0,16.0,16.0,16.0,16.0,16.0,16.0,16.0,0.2472028024494648,0.2379942685365677,0.19327020645141602,0.2979605793952942,0.2595861554145813,0.0018696541666637738
701,in_domain,padu_primal_dual_unfolding,in-domain-test-00001,23,0.2168324887752533,208024864.0,0,0.3713993430137634,1.1920928955078125e-07,16.0,16.0,16.0,16.0,16.0,16.0,16.0,0.2527432553470135,0.24460066854953766,0.21391722559928894,0.2820587754249573,0.27039635181427,0.0018696541666637738
701,in_domain,padu_primal_dual_unfolding,in-domain-test-00001,24,0.20860537886619568,221706352.0,0,0.39295053482055664,2.384185791015625e-07,16.0,16.0,16.0,16.0,16.0,16.0,16.0,0.2436945177614689,0.27431461215019226,0.19676600396633148,0.2220190167427063,0.2816784381866455,0.0018696541666637738
701,in_domain,padu_primal_dual_unfolding,in-domain-test-00001,25,0.2128807157278061,217471360.0,0,0.4076972007751465,0.0,16.0,16.0,16.0,16.0,16.0,16.0,16.0,0.2378152795135975,0.2350568026304245,0.20539900660514832,0.2251502275466919,0.28565508127212524,0.0018696541666637738
701,in_domain,padu_primal_dual_unfolding,in-domain-test-00001,26,0.2060893476009369,221820512.0,0,0.40521934628486633,0.0,16.0,16.0,16.0,16.0,16.0,16.0,16.0,0.24591993167996407,0.26829344034194946,0.22152206301689148,0.25018978118896484,0.24367444217205048,0.0018696541666637738
701,in_domain,padu_primal_dual_unfolding,in-domain-test-00001,27,0.1927790492773056,224787984.0,0,0.4001847505569458,0.0,16.0,16.0,16.0,16.0,16.0,16.0,16.0,0.23243457078933716,0.2816597819328308,0.19284020364284515,0.23938123881816864,0.21585705876350403,0.0018696541666637738
701,in_domain,padu_primal_dual_unfolding,in-domain-test-00001,28,0.19038306176662445,222241936.0,0,0.3961285352706909,0.0,16.0,16.0,16.0,16.0,16.0,16.0,16.0,0.20622782781720161,0.22894111275672913,0.18965597450733185,0.21226584911346436,0.19404837489128113,0.0018696541666637738
701,in_domain,padu_primal_dual_unfolding,in-domain-test-00001,29,0.1991204172372818,209622816.0,0,0.36193573474884033,0.0,16.0,16.0,16.0,16.0,16.0,16.0,16.0,0.1983897089958191,0.2492111325263977,0.1801762580871582,0.201305091381073,0.16286635398864746,0.0018696541666637738
701,in_domain,padu_primal_dual_unfolding,in-domain-test-00001,30,0.21821656823158264,215086432.0,0,0.40730342268943787,0.0,16.0,16.0,16.0,16.0,16.0,16.0,16.0,0.20716273039579391,0.28024327754974365,0.16271311044692993,0.20947018265724182,0.17622435092926025,0.0018696541666637738
701,in_domain,padu_primal_dual_unfolding,in-domain-test-00001,31,0.1893981248140335,199567584.0,0,0.3892306983470917,2.384185791015625e-07,16.0,16.0,16.0,16.0,16.0,16.0,16.0,0.21641036868095398,0.24873340129852295,0.18332543969154358,0.22833673655986786,0.20524589717388153,0.0018696541666637738
701,in_domain,padu_primal_dual_unfolding,in-domain-test-00001,32,0.18312610685825348,203566720.0,0,0.36788079142570496,0.0,16.0,16.0,16.0,16.0,16.0,16.0,16.0,0.2398281693458557,0.23773589730262756,0.24308443069458008,0.2811237871646881,0.1973685622215271,0.0018696541666637738
701,in_domain,padu_primal_dual_unfolding,in-domain-test-00001,33,0.21925948560237885,182421296.0,0,0.3507995903491974,0.0,16.0,16.0,16.0,16.0,16.0,16.0,16.0,0.21887794137001038,0.22533509135246277,0.2240094542503357,0.25417736172676086,0.17198985815048218,0.0018696541666637738
701,in_domain,padu_primal_dual_unfolding,in-domain-test-00001,34,0.25385764241218567,152592544.0,0,0.27217453718185425,0.0,16.0,16.0,16.0,16.0,16.0,16.0,16.0,0.20499718189239502,0.20349755883216858,0.19111232459545135,0.22195269167423248,0.20342615246772766,0.0018696541666637738
701,in_domain,padu_primal_dual_unfolding,in-domain-test-00001,35,0.21928763389587402,174864512.0,0,0.302911639213562,0.0,16.0,16.0,16.0,16.0,16.0,16.0,16.0,0.24828904122114182,0.23504838347434998,0.23900750279426575,0.2579182982444763,0.2611819803714752,0.0018696541666637738
701,in_domain,padu_primal_dual_unfolding,in-domain-test-00001,36,0.22449946403503418,182871904.0,0,0.3369697630405426,0.0,16.0,16.0,16.0,16.0,16.0,16.0,16.0,0.2613179236650467,0.27489998936653137,0.20689839124679565,0.2939775288105011,0.26949578523635864,0.0018696541666637738
701,in_domain,padu_primal_dual_unfolding,in-domain-test-00001,37,0.21765990555286407,192721296.0,0,0.3872133791446686,0.0,16.0,16.0,16.0,16.0,16.0,16.0,16.0,0.2626843899488449,0.2907872498035431,0.18140780925750732,0.3232346177101135,0.2553078830242157,0.0018696541666637738
701,in_domain,padu_primal_dual_unfolding,in-domain-test-00001,38,0.21745726466178894,211592160.0,0,0.3880089819431305,1.1920928955078125e-07,16.0,16.0,16.0,16.0,16.0,16.0,16.0,0.26217319816350937,0.290844202041626,0.21272939443588257,0.27673161029815674,0.2683875858783722,0.0018696541666637738
701,in_domain,padu_primal_dual_unfolding,in-domain-test-00001,39,0.2062421292066574,219490432.0,0,0.42071518301963806,0.0,16.0,16.0,16.0,16.0,16.0,16.0,16.0,0.23355476930737495,0.24659112095832825,0.1835290789604187,0.2572114169597626,0.2468874603509903,0.0018696541666637738
701,in_domain,padu_primal_dual_unfolding,in-domain-test-00001,40,0.19094246625900269,221454448.0,0,0.4173537790775299,0.0,16.0,16.0,16.0,16.0,16.0,16.0,16.0,0.22567399591207504,0.24181027710437775,0.16814015805721283,0.252395898103714,0.2403496503829956,0.0018696541666637738
701,in_domain,padu_primal_dual_unfolding,in-domain-test-00001,41,0.2073451280593872,221516960.0,0,0.3867712616920471,0.0,16.0,16.0,16.0,16.0,16.0,16.0,16.0,0.22693680599331856,0.2532876431941986,0.1780845671892166,0.22212734818458557,0.25424766540527344,0.0018696541666637738
701,in_domain,padu_primal_dual_unfolding,in-domain-test-00001,42,0.2095920592546463,223031488.0,0,0.39260485768318176,0.0,16.0,16.0,16.0,16.0,16.0,16.0,16.0,0.21432629227638245,0.22130072116851807,0.17473803460597992,0.2220665067434311,0.2391999065876007,0.0018696541666637738
701,in_domain,padu_primal_dual_unfolding,in-domain-test-00001,43,0.2001834362745285,223491648.0,0,0.4101547598838806,0.0,16.0,16.0,16.0,16.0,16.0,16.0,16.0,0.20387516915798187,0.22108587622642517,0.15394088625907898,0.21092826128005981,0.22954565286636353,0.0018696541666637738
701,in_domain,padu_primal_dual_unfolding,in-domain-test-00001,44,0.19455724954605103,236268064.0,0,0.43198272585868835,0.0,16.0,16.0,16.0,16.0,16.0,16.0,16.0,0.20898960903286934,0.21497292816638947,0.1600409746170044,0.2428951859474182,0.21804934740066528,0.0018696541666637738
701,in_domain,padu_primal_dual_unfolding,in-domain-test-00001,45,0.2092968076467514,224417568.0,0,0.39897823333740234,0.0,16.0,16.0,16.0,16.0,16.0,16.0,16.0,0.2197614535689354,0.21392691135406494,0.18974825739860535,0.2660703659057617,0.20930027961730957,0.0018696541666637738
701,in_domain,padu_primal_dual_unfolding,in-domain-test-00001,46,0.19372767210006714,225579616.0,0,0.42929941415786743,0.0,16.0,16.0,16.0,16.0,16.0,16.0,16.0,0.2270524501800537,0.2629735469818115,0.19835346937179565,0.22995659708976746,0.2169261872768402,0.0018696541666637738
701,in_domain,padu_primal_dual_unfolding,in-domain-test-00001,47,0.2138192057609558,218383472.0,0,0.4085753262042999,0.0,16.0,16.0,16.0,16.0,16.0,16.0,16.0,0.22765589132905006,0.28880318999290466,0.1955351084470749,0.21866562962532043,0.20761963725090027,0.0018696541666637738
701,in_domain,padu_primal_dual_unfolding,in-domain-test-00001,48,0.19166964292526245,242201552.0,0,0.4246426224708557,0.0,16.0,16.0,16.0,16.0,16.0,16.0,16.0,0.21966037154197693,0.2569701075553894,0.17430821061134338,0.25552159547805786,0.19184157252311707,0.0018696541666637738
701,in_domain,padu_primal_dual_unfolding,in-domain-test-00001,49,0.1736125648021698,219142336.0,0,0.4220614433288574,0.0,16.0,16.0,16.0,16.0,16.0,16.0,16.0,0.2165844850242138,0.2656831741333008,0.16672611236572266,0.24103349447250366,0.19289515912532806,0.0018696541666637738
701,in_domain,padu_primal_dual_unfolding,in-domain-test-00001,50,0.19391679763793945,234005344.0,0,0.419704794883728,0.0,16.0,16.0,16.0,16.0,16.0,16.0,16.0,0.19919156283140182,0.2648927569389343,0.16815413534641266,0.18988081812858582,0.1738385409116745,0.0018696541666637738
701,in_domain,padu_primal_dual_unfolding,in-domain-test-00002,3,0.18551678955554962,204652608.0,0,0.4001053273677826,1.1920928955078125e-07,16.0,16.0,16.0,16.0,16.0,16.0,16.0,0.2133941613137722,0.21615561842918396,0.16486544907093048,0.2133813202381134,0.25917425751686096,0.0018514875000240256
701,in_domain,padu_primal_dual_unfolding,in-domain-test-00002,4,0.21008503437042236,210579632.0,0,0.3756488859653473,0.0,16.0,16.0,16.0,16.0,16.0,16.0,16.0,0.21260224655270576,0.1986248791217804,0.12971021234989166,0.19464698433876038,0.3274269104003906,0.0018514875000240256
701,in_domain,padu_primal_dual_unfolding,in-domain-test-00002,5,0.1761917620897293,209372752.0,0,0.3866863548755646,0.0,16.0,16.0,16.0,16.0,16.0,16.0,16.0,0.2203761525452137,0.21489621698856354,0.13792486488819122,0.19622550904750824,0.3324580192565918,0.0018514875000240256
701,in_domain,padu_primal_dual_unfolding,in-domain-test-00002,6,0.2079070508480072,207961056.0,0,0.412734717130661,1.1920928955078125e-07,16.0,16.0,16.0,16.0,16.0,16.0,16.0,0.20996225625276566,0.2247319221496582,0.16703733801841736,0.18481209874153137,0.2632676661014557,0.0018514875000240256
701,in_domain,padu_primal_dual_unfolding,in-domain-test-00002,7,0.20110952854156494,209043072.0,0,0.3738495707511902,1.1920928955078125e-07,16.0,16.0,16.0,16.0,16.0,16.0,16.0,0.21954171732068062,0.22273704409599304,0.1816904991865158,0.19669252634048462,0.277046799659729,0.0018514875000240256
701,in_domain,padu_primal_dual_unfolding,in-domain-test-00002,8,0.2017131745815277,226169744.0,0,0.4188934564590454,0.0,16.0,16.0,16.0,16.0,16.0,16.0,16.0,0.24002718180418015,0.23514224588871002,0.20154598355293274,0.19266177713871002,0.3307587206363678,0.0018514875000240256
701,in_domain,padu_primal_dual_unfolding,in-domain-test-00002,9,0.19359031319618225,229564240.0,0,0.42904505133628845,0.0,16.0,16.0,16.0,16.0,16.0,16.0,16.0,0.22056135535240173,0.21986258029937744,0.19457456469535828,0.1633332073688507,0.3044750690460205,0.0018514875000240256
701,in_domain,padu_primal_dual_unfolding,in-domain-test-00002,10,0.18398655951023102,226107760.0,0,0.408953458070755,0.0,16.0,16.0,16.0,16.0,16.0,16.0,16.0,0.22802425920963287,0.23998847603797913,0.18630295991897583,0.18350571393966675,0.3022998869419098,0.0018514875000240256
701,in_domain,padu_primal_dual_unfolding,in-domain-test-00002,11,0.1778849959373474,218798432.0,0,0.4034326672554016,0.0,16.0,16.0,16.0,16.0,16.0,16.0,16.0,0.22262080758810043,0.23735488951206207,0.1720261424779892,0.19578155875205994,0.2853206396102905,0.0018514875000240256
701,in_domain,padu_primal_dual_unfolding,in-domain-test-00002,12,0.1635778397321701,235397648.0,0,0.4180038869380951,0.0,16.0,16.0,16.0,16.0,16.0,16.0,16.0,0.19515184313058853,0.19298920035362244,0.1308194100856781,0.19005939364433289,0.2667393684387207,0.0018514875000240256
701,in_domain,padu_primal_dual_unfolding,in-domain-test-00002,13,0.19443026185035706,225624672.0,0,0.3869525194168091,0.0,16.0,16.0,16.0,16.0,16.0,16.0,16.0,0.19816752150654793,0.18198612332344055,0.1460290551185608,0.19218944013118744,0.27246546745300293,0.0018514875000240256
701,in_domain,padu_primal_dual_unfolding,in-domain-test-00002,14,0.19445408880710602,213733392.0,0,0.4025077819824219,0.0,16.0,16.0,16.0,16.0,16.0,16.0,16.0,0.21062040701508522,0.2351827621459961,0.18513059616088867,0.17731240391731262,0.2448558658361435,0.0018514875000240256
701,in_domain,padu_primal_dual_unfolding,in-domain-test-00002,15,0.18150094151496887,223347008.0,0,0.4167821407318115,0.0,16.0,16.0,16.0,16.0,16.0,16.0,16.0,0.22046662122011185,0.283949613571167,0.18231287598609924,0.1772909164428711,0.23831307888031006,0.0018514875000240256
701,in_domain,padu_primal_dual_unfolding,in-domain-test-00002,16,0.20112013816833496,239125696.0,0,0.45201194286346436,0.0,16.0,16.0,16.0,16.0,16.0,16.0,16.0,0.2181672379374504,0.25861290097236633,0.16395489871501923,0.18563400208950043,0.26446714997291565,0.0018514875000240256
701,in_domain,padu_primal_dual_unfolding,in-domain-test-00002,17,0.17320379614830017,242310832.0,0,0.4210771918296814,0.0,16.0,16.0,16.0,16.0,16.0,16.0,16.0,0.21265685558319092,0.23646703362464905,0.15820327401161194,0.17483031749725342,0.28112679719924927,0.0018514875000240256
701,in_domain,padu_primal_dual_unfolding,in-domain-test-00002,18,0.18920907378196716,225302368.0,0,0.3901330232620239,0.0,16.0,16.0,16.0,16.0,16.0,16.0,16.0,0.19773175194859505,0.26263925433158875,0.15706908702850342,0.14934273064136505,0.22187593579292297,0.0018514875000240256
701,in_domain,padu_primal_dual_unfolding,in-domain-test-00002,19,0.19249755144119263,219578528.0,0,0.4057093560695648,1.1920928955078125e-07,16.0,16.0,16.0,16.0,16.0,16.0,16.0,0.20091012865304947,0.24114814400672913,0.15632396936416626,0.15713360905647278,0.2490347921848297,0.0018514875000240256
701,in_domain,padu_primal_dual_unfolding,in-domain-test-00002,20,0.19421127438545227,226129504.0,0,0.39452704787254333,1.1920928955078125e-07,16.0,16.0,16.0,16.0,16.0,16.0,16.0,0.2111080437898636,0.19890742003917694,0.16394691169261932,0.17251521348953247,0.3090626299381256,0.0018514875000240256
701,in_domain,padu_primal_dual_unfolding,in-domain-test-00002,21,0.19004462659358978,227584912.0,0,0.42344167828559875,1.1920928955078125e-07,16.0,16.0,16.0,16.0,16.0,16.0,16.0,0.21586849167943,0.22122570872306824,0.1639018952846527,0.18135173618793488,0.2969946265220642,0.0018514875000240256
701,in_domain,padu_primal_dual_unfolding,in-domain-test-00002,22,0.1949416697025299,226122160.0,0,0.4080723226070404,0.0,16.0,16.0,16.0,16.0,16.0,16.0,16.0,0.22110287100076675,0.24508249759674072,0.14800336956977844,0.2042074203491211,0.28711819648742676,0.0018514875000240256
701,in_domain,padu_primal_dual_unfolding,in-domain-test-00002,23,0.21653082966804504,217876048.0,0,0.4167858362197876,0.0,16.0,16.0,16.0,16.0,16.0,16.0,16.0,0.22790240123867989,0.25133514404296875,0.1592014729976654,0.19348300993442535,0.30758997797966003,0.0018514875000240256
701,in_domain,padu_primal_dual_unfolding,in-domain-test-00002,24,0.2224559187889099,219738400.0,0,0.40938878059387207,0.0,16.0,16.0,16.0,16.0,16.0,16.0,16.0,0.22856255248188972,0.2701212167739868,0.17129012942314148,0.19168008863925934,0.28115877509117126,0.0018514875000240256
701,in_domain,padu_primal_dual_unfolding,in-domain-test-00002,25,0.19495654106140137,223267008.0,0,0.41288426518440247,0.0,16.0,16.0,16.0,16.0,16.0,16.0,16.0,0.22293522953987122,0.27657216787338257,0.17743146419525146,0.18646004796028137,0.25127723813056946,0.0018514875000240256
701,in_domain,padu_primal_dual_unfolding,in-domain-test-00002,26,0.189476877450943,232297568.0,0,0.40477609634399414,0.0,16.0,16.0,16.0,16.0,16.0,16.0,16.0,0.23081449791789055,0.28962841629981995,0.19406470656394958,0.16828100383281708,0.2712838649749756,0.0018514875000240256
701,in_domain,padu_primal_dual_unfolding,in-domain-test-00002,27,0.19071343541145325,216350240.0,0,0.39128217101097107,0.0,16.0,16.0,16.0,16.0,16.0,16.0,16.0,0.22253449261188507,0.2999810576438904,0.18340255320072174,0.16842196881771088,0.23833239078521729,0.0018514875000240256
701,in_domain,padu_primal_dual_unfolding,in-domain-test-00002,28,0.1763075590133667,216065088.0,0,0.40952789783477783,0.0,16.0,16.0,16.0,16.0,16.0,16.0,16.0,0.2019861787557602,0.24962842464447021,0.1690845787525177,0.1790591925382614,0.21017251908779144,0.0018514875000240256
701,in_domain,padu_primal_dual_unfolding,in-domain-test-00002,29,0.1996082067489624,196331728.0,0,0.3718392550945282,1.1920928955078125e-07,16.0,16.0,16.0,16.0,16.0,16.0,16.0,0.19896461814641953,0.21551474928855896,0.15933942794799805,0.17802080512046814,0.24298349022865295,0.0018514875000240256
701,in_domain,padu_primal_dual_unfolding,in-domain-test-00002,30,0.19542251527309418,205309984.0,0,0.378126859664917,2.384185791015625e-07,16.0,16.0,16.0,16.0,16.0,16.0,16.0,0.21452460810542107,0.2383786290884018,0.1688007414340973,0.1804507076740265,0.2704683542251587,0.0018514875000240256
701,in_domain,padu_primal_dual_unfolding,in-domain-test-00002,31,0.19376790523529053,206670048.0,0,0.3686816692352295,1.1920928955078125e-07,16.0,16.0,16.0,16.0,16.0,16.0,16.0,0.22505098581314087,0.2501286566257477,0.1704661101102829,0.1703851968050003,0.3092239797115326,0.0018514875000240256
701,in_domain,padu_primal_dual_unfolding,in-domain-test-00002,32,0.17203553020954132,227941104.0,0,0.4317529797554016,1.1920928955078125e-07,16.0,16.0,16.0,16.0,16.0,16.0,16.0,0.2087620496749878,0.21396908164024353,0.14370056986808777,0.16362014412879944,0.31375840306282043,0.0018514875000240256
701,in_domain,padu_primal_dual_unfolding,in-domain-test-00002,33,0.19662533700466156,224292384.0,0,0.4232269525527954,0.0,16.0,16.0,16.0,16.0,16.0,16.0,16.0,0.20663568004965782,0.21091753244400024,0.15694783627986908,0.18116214871406555,0.2775152027606964,0.0018514875000240256
701,in_domain,padu_primal_dual_unfolding,in-domain-test-00002,34,0.17674928903579712,232701024.0,0,0.42823806405067444,1.1920928955078125e-07,16.0,16.0,16.0,16.0,16.0,16.0,16.0,0.21267221122980118,0.22924628853797913,0.1832490861415863,0.187074214220047,0.2511192560195923,0.0018514875000240256
701,in_domain,padu_primal_dual_unfolding,in-domain-test-00002,35,0.19230148196220398,226853136.0,0,0.4206656217575073,2.384185791015625e-07,16.0,16.0,16.0,16.0,16.0,16.0,16.0,0.21012583002448082,0.22916439175605774,0.1701260656118393,0.1817270815372467,0.25948578119277954,0.0018514875000240256
701,in_domain,padu_primal_dual_unfolding,in-domain-test-00002,36,0.18003533780574799,216683264.0,0,0.40065011382102966,0.0,16.0,16.0,16.0,16.0,16.0,16.0,16.0,0.2030581720173359,0.22157631814479828,0.15368953347206116,0.15945875644683838,0.27750808000564575,0.0018514875000240256
701,in_domain,padu_primal_dual_unfolding,in-domain-test-00002,37,0.21448899805545807,214783616.0,0,0.38503599166870117,0.0,16.0,16.0,16.0,16.0,16.0,16.0,16.0,0.20795203745365143,0.22979527711868286,0.14986801147460938,0.1809617280960083,0.2711831331253052,0.0018514875000240256
701,in_domain,padu_primal_dual_unfolding,in-domain-test-00002,38,0.21088330447673798,212439200.0,0,0.40330860018730164,0.0,16.0,16.0,16.0,16.0,16.0,16.0,16.0,0.23452601581811905,0.25628238916397095,0.15397769212722778,0.1935238540172577,0.3343201279640198,0.0018514875000240256
701,in_domain,padu_primal_dual_unfolding,in-domain-test-00002,39,0.18741144239902496,213289424.0,0,0.37296226620674133,0.0,16.0,16.0,16.0,16.0,16.0,16.0,16.0,0.2405797615647316,0.24775977432727814,0.15141887962818146,0.15806055068969727,0.40507984161376953,0.0018514875000240256
701,in_domain,padu_primal_dual_unfolding,in-domain-test-00002,40,0.20394733548164368,215101440.0,0,0.41849809885025024,0.0,16.0,16.0,16.0,16.0,16.0,16.0,16.0,0.22656287625432014,0.21223053336143494,0.13508270680904388,0.16901913285255432,0.38991913199424744,0.0018514875000240256
701,in_domain,padu_primal_dual_unfolding,in-domain-test-00002,41,0.19335293769836426,211367120.0,0,0.40411219000816345,0.0,16.0,16.0,16.0,16.0,16.0,16.0,16.0,0.2195347398519516,0.1886136531829834,0.12745267152786255,0.16972118616104126,0.3923514485359192,0.0018514875000240256
701,in_domain,padu_primal_dual_unfolding,in-domain-test-00002,42,0.18472625315189362,216582832.0,0,0.41206011176109314,0.0,16.0,16.0,16.0,16.0,16.0,16.0,16.0,0.22164315730333328,0.20291006565093994,0.12978056073188782,0.17896848917007446,0.3749135136604309,0.0018514875000240256
701,in_domain,padu_primal_dual_unfolding,in-domain-test-00002,43,0.20685796439647675,214481056.0,0,0.3873554766178131,2.384185791015625e-07,16.0,16.0,16.0,16.0,16.0,16.0,16.0,0.21904630586504936,0.22114785015583038,0.14152148365974426,0.2033267617225647,0.3101891279220581,0.0018514875000240256
701,in_domain,padu_primal_dual_unfolding,in-domain-test-00002,44,0.1888723522424698,205636576.0,0,0.39058735966682434,0.0,16.0,16.0,16.0,16.0,16.0,16.0,16.0,0.22174667939543724,0.22417044639587402,0.15935848653316498,0.18950557708740234,0.3139522075653076,0.0018514875000240256
701,in_domain,padu_primal_dual_unfolding,in-domain-test-00002,45,0.20607072114944458,214162752.0,0,0.40021711587905884,0.0,16.0,16.0,16.0,16.0,16.0,16.0,16.0,0.22233974188566208,0.21662390232086182,0.14932337403297424,0.19660544395446777,0.3268062472343445,0.0018514875000240256
701,in_domain,padu_primal_dual_unfolding,in-domain-test-00002,46,0.19336113333702087,221702848.0,0,0.3954921364784241,0.0,16.0,16.0,16.0,16.0,16.0,16.0,16.0,0.23006752878427505,0.22802020609378815,0.16927121579647064,0.19023734331130981,0.3327413499355316,0.0018514875000240256
701,in_domain,padu_primal_dual_unfolding,in-domain-test-00002,47,0.1934361308813095,210941056.0,0,0.4080156683921814,1.1920928955078125e-07,16.0,16.0,16.0,16.0,16.0,16.0,16.0,0.23139630258083344,0.20561173558235168,0.19237297773361206,0.19227173924446106,0.33532875776290894,0.0018514875000240256
701,in_domain,padu_primal_dual_unfolding,in-domain-test-00002,48,0.21460703015327454,207201648.0,0,0.38870856165885925,0.0,16.0,16.0,16.0,16.0,16.0,16.0,16.0,0.19981685280799866,0.18149539828300476,0.16329500079154968,0.188070148229599,0.2664068639278412,0.0018514875000240256
701,in_domain,padu_primal_dual_unfolding,in-domain-test-00002,49,0.20632600784301758,204686592.0,0,0.3652806282043457,0.0,16.0,16.0,16.0,16.0,16.0,16.0,16.0,0.20831306278705597,0.22941374778747559,0.1759527027606964,0.1727600395679474,0.2551257610321045,0.0018514875000240256
701,in_domain,padu_primal_dual_unfolding,in-domain-test-00002,50,0.20499388873577118,212934832.0,0,0.40979593992233276,0.0,16.0,16.0,16.0,16.0,16.0,16.0,16.0,0.23209929838776588,0.2434324026107788,0.1984831690788269,0.1690906435251236,0.31739097833633423,0.0018514875000240256
701,in_domain,padu_primal_dual_unfolding,in-domain-test-00003,3,0.2427273690700531,215330240.0,0,0.4071126878261566,0.0,16.0,16.0,16.0,16.0,16.0,16.0,16.0,0.31489361822605133,0.3024418354034424,0.39819610118865967,0.13927066326141357,0.4196658730506897,0.0016977104166926438
701,in_domain,padu_primal_dual_unfolding,in-domain-test-00003,4,0.2503935694694519,212891824.0,0,0.3469793498516083,0.0,16.0,16.0,16.0,16.0,16.0,16.0,16.0,0.28772806748747826,0.29851385951042175,0.36012810468673706,0.13381527364253998,0.35845503211021423,0.0016977104166926438
701,in_domain,padu_primal_dual_unfolding,in-domain-test-00003,5,0.2564500868320465,207484208.0,0,0.38506144285202026,1.1920928955078125e-07,16.0,16.0,16.0,16.0,16.0,16.0,16.0,0.268210269510746,0.30830201506614685,0.33059147000312805,0.12715190649032593,0.3067956864833832,0.0016977104166926438
701,in_domain,padu_primal_dual_unfolding,in-domain-test-00003,6,0.25109219551086426,206770336.0,0,0.3239929974079132,0.0,16.0,16.0,16.0,16.0,16.0,16.0,16.0,0.27398622781038284,0.29622817039489746,0.3195666968822479,0.14525434374809265,0.33489570021629333,0.0016977104166926438
701,in_domain,padu_primal_dual_unfolding,in-domain-test-00003,7,0.27724552154541016,209708480.0,0,0.34502536058425903,0.0,16.0,16.0,16.0,16.0,16.0,16.0,16.0,0.2928792014718056,0.3292698860168457,0.3409118354320526,0.15610408782958984,0.34523099660873413,0.0016977104166926438
701,in_domain,padu_primal_dual_unfolding,in-domain-test-00003,8,0.2769840657711029,215688928.0,0,0.39008086919784546,0.0,16.0,16.0,16.0,16.0,16.0,16.0,16.0,0.32328562438488007,0.3753436803817749,0.37679773569107056,0.1592550277709961,0.3817460536956787,0.0016977104166926438
701,in_domain,padu_primal_dual_unfolding,in-domain-test-00003,9,0.24228692054748535,232478832.0,0,0.37627342343330383,0.0,16.0,16.0,16.0,16.0,16.0,16.0,16.0,0.32463235780596733,0.3837612271308899,0.37294942140579224,0.15252472460269928,0.3892940580844879,0.0016977104166926438
701,in_domain,padu_primal_dual_unfolding,in-domain-test-00003,10,0.2341841608285904,239416880.0,0,0.42745497822761536,0.0,16.0,16.0,16.0,16.0,16.0,16.0,16.0,0.3212329335510731,0.33060887455940247,0.3614199161529541,0.1447685807943344,0.4481343626976013,0.0016977104166926438
701,in_domain,padu_primal_dual_unfolding,in-domain-test-00003,11,0.2627430558204651,198616128.0,0,0.35455185174942017,0.0,16.0,16.0,16.0,16.0,16.0,16.0,16.0,0.3192523457109928,0.27250126004219055,0.35322874784469604,0.1388290375471115,0.5124503374099731,0.0016977104166926438
701,in_domain,padu_primal_dual_unfolding,in-domain-test-00003,12,0.27031180262565613,187290272.0,0,0.3816981017589569,0.0,16.0,16.0,16.0,16.0,16.0,16.0,16.0,0.3096964005380869,0.2849140763282776,0.3426806926727295,0.12145999819040298,0.4897308349609375,0.0016977104166926438
701,in_domain,padu_primal_dual_unfolding,in-domain-test-00003,13,0.23234568536281586,183388960.0,0,0.36296823620796204,0.0,16.0,16.0,16.0,16.0,16.0,16.0,16.0,0.29962314665317535,0.305305540561676,0.34631970524787903,0.135599285364151,0.41126805543899536,0.0016977104166926438
701,in_domain,padu_primal_dual_unfolding,in-domain-test-00003,14,0.2645036280155182,159250592.0,0,0.29243817925453186,0.0,16.0,16.0,16.0,16.0,16.0,16.0,16.0,0.29543478786945343,0.3231163024902344,0.3580840229988098,0.14821010828018188,0.35232871770858765,0.0016977104166926438
701,in_domain,padu_primal_dual_unfolding,in-domain-test-00003,15,0.2579997181892395,185288656.0,0,0.3622845709323883,0.0,16.0,16.0,16.0,16.0,16.0,16.0,16.0,0.3295244947075844,0.38088011741638184,0.43317902088165283,0.13776683807373047,0.3662720024585724,0.0016977104166926438
701,in_domain,padu_primal_dual_unfolding,in-domain-test-00003,16,0.27209147810935974,170124192.0,0,0.3163348138332367,0.0,16.0,16.0,16.0,16.0,16.0,16.0,16.0,0.31518987752497196,0.3550310432910919,0.42808234691619873,0.12004036456346512,0.3576057553291321,0.0016977104166926438
701,in_domain,padu_primal_dual_unfolding,in-domain-test-00003,17,0.23352493345737457,189984496.0,0,0.3816624879837036,0.0,16.0,16.0,16.0,16.0,16.0,16.0,16.0,0.2959217429161072,0.35675206780433655,0.35600703954696655,0.11812087893486023,0.3528069853782654,0.0016977104166926438
701,in_domain,padu_primal_dual_unfolding,in-domain-test-00003,18,0.2645271122455597,214164016.0,0,0.3533842861652374,0.0,16.0,16.0,16.0,16.0,16.0,16.0,16.0,0.28602224215865135,0.33559173345565796,0.3535231351852417,0.12124811112880707,0.3337259888648987,0.0016977104166926438
701,in_domain,padu_primal_dual_unfolding,in-domain-test-00003,19,0.22625066339969635,224052496.0,0,0.4074397087097168,0.0,16.0,16.0,16.0,16.0,16.0,16.0,16.0,0.28767194226384163,0.3253791332244873,0.4031396508216858,0.11603085696697235,0.30613812804222107,0.0016977104166926438
701,in_domain,padu_primal_dual_unfolding,in-domain-test-00003,20,0.25048330426216125,220518928.0,0,0.4252123534679413,0.0,16.0,16.0,16.0,16.0,16.0,16.0,16.0,0.2929801642894745,0.3475590944290161,0.3679152727127075,0.11237317323684692,0.3440731167793274,0.0016977104166926438
701,in_domain,padu_primal_dual_unfolding,in-domain-test-00003,21,0.25119549036026,191273216.0,0,0.32429829239845276,0.0,16.0,16.0,16.0,16.0,16.0,16.0,16.0,0.28055084496736526,0.2821201682090759,0.33811885118484497,0.1269446313381195,0.37501972913742065,0.0016977104166926438
701,in_domain,padu_primal_dual_unfolding,in-domain-test-00003,22,0.2415054589509964,183091088.0,0,0.32303187251091003,0.0,16.0,16.0,16.0,16.0,16.0,16.0,16.0,0.2969347797334194,0.303089439868927,0.3475801348686218,0.14332030713558197,0.3937492370605469,0.0016977104166926438
701,in_domain,padu_primal_dual_unfolding,in-domain-test-00003,23,0.28507548570632935,147505104.0,0,0.28871944546699524,0.0,16.0,16.0,16.0,16.0,16.0,16.0,16.0,0.3061254769563675,0.3431955873966217,0.37698763608932495,0.1452483832836151,0.3590703010559082,0.0016977104166926438
701,in_domain,padu_primal_dual_unfolding,in-domain-test-00003,24,0.25965645909309387,145178016.0,0,0.2791287899017334,0.0,16.0,16.0,16.0,16.0,16.0,16.0,16.0,0.32258907705545425,0.35167571902275085,0.43321287631988525,0.13931047916412354,0.3661572337150574,0.0016977104166926438
701,in_domain,padu_primal_dual_unfolding,in-domain-test-00003,25,0.24627511203289032,199988368.0,0,0.3759285509586334,0.0,16.0,16.0,16.0,16.0,16.0,16.0,16.0,0.31624216958880424,0.3310178220272064,0.35699498653411865,0.13401825726032257,0.44293761253356934,0.0016977104166926438
701,in_domain,padu_primal_dual_unfolding,in-domain-test-00003,26,0.2574198842048645,215609200.0,0,0.3390066623687744,0.0,16.0,16.0,16.0,16.0,16.0,16.0,16.0,0.31159791350364685,0.26090940833091736,0.37720146775245667,0.14174801111221313,0.46653276681900024,0.0016977104166926438
701,in_domain,padu_primal_dual_unfolding,in-domain-test-00003,27,0.2488594949245453,187329744.0,0,0.3545306622982025,0.0,16.0,16.0,16.0,16.0,16.0,16.0,16.0,0.30937932431697845,0.2279047966003418,0.41441819071769714,0.1578952968120575,0.4372990131378174,0.0016977104166926438
701,in_domain,padu_primal_dual_unfolding,in-domain-test-00003,28,0.27716150879859924,171679424.0,0,0.3230222165584564,0.0,16.0,16.0,16.0,16.0,16.0,16.0,16.0,0.3009289875626564,0.2658262848854065,0.39708220958709717,0.14851009845733643,0.3922973573207855,0.0016977104166926438
701,in_domain,padu_primal_dual_unfolding,in-domain-test-00003,29,0.3010692298412323,182636832.0,0,0.3292998671531677,0.0,16.0,16.0,16.0,16.0,16.0,16.0,16.0,0.32431673258543015,0.33811381459236145,0.44974976778030396,0.1260342001914978,0.3833691477775574,0.0016977104166926438
701,in_domain,padu_primal_dual_unfolding,in-domain-test-00003,30,0.26243191957473755,191160368.0,0,0.35482627153396606,0.0,16.0,16.0,16.0,16.0,16.0,16.0,16.0,0.3395010530948639,0.3783474862575531,0.48237013816833496,0.1386241614818573,0.3586624264717102,0.0016977104166926438
701,in_domain,padu_primal_dual_unfolding,in-domain-test-00003,31,0.27277082204818726,193086368.0,0,0.3730941116809845,0.0,16.0,16.0,16.0,16.0,16.0,16.0,16.0,0.3294740729033947,0.34902048110961914,0.483415424823761,0.14944462478160858,0.3360157608985901,0.0016977104166926438
701,in_domain,padu_primal_dual_unfolding,in-domain-test-00003,32,0.2555111050605774,197502640.0,0,0.3837532699108124,1.1920928955078125e-07,16.0,16.0,16.0,16.0,16.0,16.0,16.0,0.3127347305417061,0.3251452147960663,0.42117494344711304,0.1516416072845459,0.3529771566390991,0.0016977104166926438
701,in_domain,padu_primal_dual_unfolding,in-domain-test-00003,33,0.2611677050590515,166089952.0,0,0.3197353482246399,1.1920928955078125e-07,16.0,16.0,16.0,16.0,16.0,16.0,16.0,0.3017311319708824,0.31590136885643005,0.41794320940971375,0.14795926213264465,0.3251206874847412,0.0016977104166926438
701,in_domain,padu_primal_dual_unfolding,in-domain-test-00003,34,0.2569170594215393,184957232.0,0,0.30246594548225403,0.0,16.0,16.0,16.0,16.0,16.0,16.0,16.0,0.31806206330657005,0.3386536240577698,0.43261176347732544,0.1537102311849594,0.3472726345062256,0.0016977104166926438
701,in_domain,padu_primal_dual_unfolding,in-domain-test-00003,35,0.23565930128097534,200372928.0,0,0.3614737093448639,0.0,16.0,16.0,16.0,16.0,16.0,16.0,16.0,0.3243286907672882,0.338563472032547,0.4398936331272125,0.14887362718582153,0.3699840307235718,0.0016977104166926438
701,in_domain,padu_primal_dual_unfolding,in-domain-test-00003,36,0.26448243856430054,219372304.0,0,0.4021919369697571,1.1920928955078125e-07,16.0,16.0,16.0,16.0,16.0,16.0,16.0,0.2914815731346607,0.28110796213150024,0.42282259464263916,0.12882353365421295,0.3331722021102905,0.0016977104166926438
701,in_domain,padu_primal_dual_unfolding,in-domain-test-00003,37,0.23909860849380493,247939312.0,0,0.44404664635658264,0.0,16.0,16.0,16.0,16.0,16.0,16.0,16.0,0.29381441697478294,0.3445684313774109,0.34517574310302734,0.14030008018016815,0.3452134132385254,0.0016977104166926438
701,in_domain,padu_primal_dual_unfolding,in-domain-test-00003,38,0.23280376195907593,226533136.0,0,0.39957109093666077,0.0,16.0,16.0,16.0,16.0,16.0,16.0,16.0,0.30115800350904465,0.36987683176994324,0.32226651906967163,0.16119137406349182,0.3512972891330719,0.0016977104166926438
701,in_domain,padu_primal_dual_unfolding,in-domain-test-00003,39,0.23234449326992035,221176848.0,0,0.3950829803943634,0.0,16.0,16.0,16.0,16.0,16.0,16.0,16.0,0.27685128152370453,0.2908042073249817,0.31845584511756897,0.15703347325325012,0.34111160039901733,0.0016977104166926438
701,in_domain,padu_primal_dual_unfolding,in-domain-test-00003,40,0.25842830538749695,200871696.0,0,0.3459260165691376,0.0,16.0,16.0,16.0,16.0,16.0,16.0,16.0,0.27682559564709663,0.25994744896888733,0.3533046543598175,0.1404181867837906,0.3536320924758911,0.0016977104166926438
701,in_domain,padu_primal_dual_unfolding,in-domain-test-00003,41,0.2602541744709015,215873440.0,0,0.3868642747402191,0.0,16.0,16.0,16.0,16.0,16.0,16.0,16.0,0.3072343207895756,0.27935948967933655,0.4213145673274994,0.13808734714984894,0.39017587900161743,0.0016977104166926438
701,in_domain,padu_primal_dual_unfolding,in-domain-test-00003,42,0.27170705795288086,176579568.0,0,0.3141199052333832,0.0,16.0,16.0,16.0,16.0,16.0,16.0,16.0,0.31069957837462425,0.2857619524002075,0.4149913787841797,0.14440731704235077,0.39763766527175903,0.0016977104166926438
701,in_domain,padu_primal_dual_unfolding,in-domain-test-00003,43,0.27665814757347107,205509088.0,0,0.3658786416053772,1.1920928955078125e-07,16.0,16.0,16.0,16.0,16.0,16.0,16.0,0.2926047667860985,0.2628178298473358,0.3849664330482483,0.14773616194725037,0.37489864230155945,0.0016977104166926438
701,in_domain,padu_primal_dual_unfolding,in-domain-test-00003,44,0.2906663119792938,200317504.0,0,0.34439849853515625,0.0,16.0,16.0,16.0,16.0,16.0,16.0,16.0,0.305296428501606,0.37772002816200256,0.34705257415771484,0.15328162908554077,0.34313148260116577,0.0016977104166926438
701,in_domain,padu_primal_dual_unfolding,in-domain-test-00003,45,0.2510591447353363,200877984.0,0,0.3673143684864044,1.1920928955078125e-07,16.0,16.0,16.0,16.0,16.0,16.0,16.0,0.33920228481292725,0.4411194324493408,0.3900291323661804,0.1449812948703766,0.38067927956581116,0.0016977104166926438
701,in_domain,padu_primal_dual_unfolding,in-domain-test-00003,46,0.2691905200481415,207904640.0,0,0.4020249843597412,1.1920928955078125e-07,16.0,16.0,16.0,16.0,16.0,16.0,16.0,0.32214292883872986,0.39579319953918457,0.40338194370269775,0.12914609909057617,0.36025047302246094,0.0016977104166926438
701,in_domain,padu_primal_dual_unfolding,in-domain-test-00003,47,0.243490070104599,195631216.0,0,0.38705018162727356,0.0,16.0,16.0,16.0,16.0,16.0,16.0,16.0,0.30755583196878433,0.37640899419784546,0.37841492891311646,0.14521437883377075,0.33018502593040466,0.0016977104166926438
701,in_domain,padu_primal_dual_unfolding,in-domain-test-00003,48,0.2551336884498596,188446400.0,0,0.38783925771713257,1.1920928955078125e-07,16.0,16.0,16.0,16.0,16.0,16.0,16.0,0.3050949200987816,0.32412633299827576,0.37804174423217773,0.15560007095336914,0.3626115322113037,0.0016977104166926438
701,in_domain,padu_primal_dual_unfolding,in-domain-test-00003,49,0.2341248095035553,196133536.0,0,0.3594897389411926,1.1920928955078125e-07,16.0,16.0,16.0,16.0,16.0,16.0,16.0,0.2688324674963951,0.2955608069896698,0.3256291449069977,0.1472807228565216,0.30685919523239136,0.0016977104166926438
701,in_domain,padu_primal_dual_unfolding,in-domain-test-00003,50,0.24861517548561096,216518096.0,0,0.3606806695461273,0.0,16.0,16.0,16.0,16.0,16.0,16.0,16.0,0.27455487847328186,0.2746240496635437,0.3624644875526428,0.16212767362594604,0.2990033030509949,0.0016977104166926438
