root_seed,domain,scheme,trajectory_id,target_slot,prediction_nmse,actual_weighted_throughput_bps,joint_qos_outage,minimum_actual_sinr,maximum_constraint_violation,minimum_design_payload_bits,maximum_design_payload_bits,mean_design_payload_bits,design_payload_bits_user_1,design_payload_bits_user_2,design_payload_bits_user_3,design_payload_bits_user_4,mean_causal_channel_variation,causal_channel_variation_user_1,causal_channel_variation_user_2,causal_channel_variation_user_3,causal_channel_variation_user_4,mean_conditional_innovation_standard_deviation,conditional_innovation_standard_deviation_user_1,conditional_innovation_standard_deviation_user_2,conditional_innovation_standard_deviation_user_3,conditional_innovation_standard_deviation_user_4,control_total_s
401,in_domain,probabilistic_gru_mean_scenario_without_uncertainty_conditioning_max_min_payload_primal_dual_unfolding,in-domain-test-00000,3,0.8110691905021667,145321536.0,0,0.2855580449104309,0.0,16.0,16.0,16.0,16.0,16.0,16.0,16.0,1.1427583694458008,1.5475884675979614,0.8590917587280273,0.9346047639846802,1.2297484874725342,3.869903048325796e-05,4.2045598092954606e-05,3.185293826390989e-05,3.903700053342618e-05,4.186058504274115e-05,0.0019496770833408543
401,in_domain,probabilistic_gru_mean_scenario_without_uncertainty_conditioning_max_min_payload_primal_dual_unfolding,in-domain-test-00000,4,0.7647690176963806,178408784.0,0,0.3041442036628723,0.0,16.0,16.0,16.0,16.0,16.0,16.0,16.0,1.1286131143569946,1.4246788024902344,0.8595370054244995,0.8783174753189087,1.351919174194336,3.745851017811219e-05,4.258945773472078e-05,2.975413553940598e-05,3.4586464607855305e-05,4.29039828304667e-05,0.0019496770833408543
401,in_domain,probabilistic_gru_mean_scenario_without_uncertainty_conditioning_max_min_payload_primal_dual_unfolding,in-domain-test-00000,5,0.79695725440979,127573464.0,0,0.2692039906978607,0.0,16.0,16.0,16.0,16.0,16.0,16.0,16.0,1.0829154402017593,1.3161814212799072,0.9763718843460083,0.8011272549629211,1.2379812002182007,3.3953794172703056e-05,3.814113006228581e-05,2.920022416219581e-05,3.2946147257462144e-05,3.552767520886846e-05,0.0019496770833408543
401,in_domain,probabilistic_gru_mean_scenario_without_uncertainty_conditioning_max_min_payload_primal_dual_unfolding,in-domain-test-00000,6,0.7356047034263611,157073936.0,0,0.2828504741191864,0.0,16.0,16.0,16.0,16.0,16.0,16.0,16.0,1.0550645887851715,1.1459314823150635,0.9376832246780396,0.8857400417327881,1.250903606414795,3.546476727933623e-05,3.687826028908603e-05,3.405267489142716e-05,3.2654923415975645e-05,3.827321052085608e-05,0.0019496770833408543
401,in_domain,probabilistic_gru_mean_scenario_without_uncertainty_conditioning_max_min_payload_primal_dual_unfolding,in-domain-test-00000,7,0.8899082541465759,116838064.0,0,0.2327273190021515,0.0,16.0,16.0,16.0,16.0,16.0,16.0,16.0,1.0289775878190994,1.0773242712020874,0.8162315487861633,0.9909372329711914,1.2314172983169556,3.4211740057799034e-05,3.119002576568164e-05,3.184892193530686e-05,3.151166674797423e-05,4.22963457822334e-05,0.0019496770833408543
401,in_domain,probabilistic_gru_mean_scenario_without_uncertainty_conditioning_max_min_payload_primal_dual_unfolding,in-domain-test-00000,8,0.7617119550704956,168656368.0,0,0.2905493676662445,1.1920928955078125e-07,16.0,16.0,16.0,16.0,16.0,16.0,16.0,1.0824916362762451,1.2279220819473267,0.9300830364227295,0.9496005773544312,1.2223608493804932,3.6294839446782134e-05,3.1861676689004526e-05,4.063429878442548e-05,3.280272358097136e-05,3.988065873272717e-05,0.0019496770833408543
401,in_domain,probabilistic_gru_mean_scenario_without_uncertainty_conditioning_max_min_payload_primal_dual_unfolding,in-domain-test-00000,9,0.8543902635574341,171756400.0,0,0.300032377243042,0.0,16.0,16.0,16.0,16.0,16.0,16.0,16.0,1.1146749258041382,1.3157060146331787,0.9752757549285889,0.8927006721496582,1.275017261505127,3.5908281461161096e-05,3.590957567212172e-05,3.65322848665528e-05,3.165633825119585e-05,3.9534927054774016e-05,0.0019496770833408543
401,in_domain,probabilistic_gru_mean_scenario_without_uncertainty_conditioning_max_min_payload_primal_dual_unfolding,in-domain-test-00000,10,0.7403495907783508,167573264.0,0,0.3324437141418457,0.0,16.0,16.0,16.0,16.0,16.0,16.0,16.0,1.1237086355686188,1.2927360534667969,0.8094242811203003,0.9181405305862427,1.4745336771011353,3.8011119613656774e-05,3.778228347073309e-05,3.776940138777718e-05,3.243671017116867e-05,4.4056083424948156e-05,0.0019496770833408543
401,in_domain,probabilistic_gru_mean_scenario_without_uncertainty_conditioning_max_min_payload_primal_dual_unfolding,in-domain-test-00000,11,0.8052197694778442,125264888.0,0,0.23102521896362305,0.0,16.0,16.0,16.0,16.0,16.0,16.0,16.0,1.124098002910614,1.3370521068572998,0.7962188720703125,0.8711837530136108,1.491937279701233,3.730790649569826e-05,4.0276438085129485e-05,3.419646600377746e-05,3.5252531233709306e-05,3.95061906601768e-05,0.0019496770833408543
401,in_domain,probabilistic_gru_mean_scenario_without_uncertainty_conditioning_max_min_payload_primal_dual_unfolding,in-domain-test-00000,12,0.8644418120384216,152819424.0,0,0.25604280829429626,0.0,16.0,16.0,16.0,16.0,16.0,16.0,16.0,1.0665079951286316,1.3011422157287598,0.8493292331695557,0.9011427164077759,1.214417815208435,3.695099258038681e-05,3.734122947207652e-05,3.153055877191946e-05,3.483557520667091e-05,4.409660687088035e-05,0.0019496770833408543
401,in_domain,probabilistic_gru_mean_scenario_without_uncertainty_conditioning_max_min_payload_primal_dual_unfolding,in-domain-test-00000,13,0.7833376526832581,145591104.0,0,0.2797386050224304,0.0,16.0,16.0,16.0,16.0,16.0,16.0,16.0,1.1397857964038849,1.3565424680709839,0.7610347270965576,1.016869068145752,1.424696922302246,3.774247352339444e-05,3.946939978050068e-05,2.813599530782085e-05,3.637732152128592e-05,4.69871774839703e-05,0.0019496770833408543
401,in_domain,probabilistic_gru_mean_scenario_without_uncertainty_conditioning_max_min_payload_primal_dual_unfolding,in-domain-test-00000,14,0.835837185382843,130437136.0,0,0.28930479288101196,1.1920928955078125e-07,16.0,16.0,16.0,16.0,16.0,16.0,16.0,1.1152420043945312,1.396575689315796,0.5755846500396729,0.9742321968078613,1.514575481414795,3.5846964237862267e-05,3.71135538443923e-05,2.735475209192373e-05,3.2993804779835045e-05,4.592574623529799e-05,0.0019496770833408543
401,in_domain,probabilistic_gru_mean_scenario_without_uncertainty_conditioning_max_min_payload_primal_dual_unfolding,in-domain-test-00000,15,0.8603588342666626,147936672.0,0,0.28596970438957214,0.0,16.0,16.0,16.0,16.0,16.0,16.0,16.0,1.0830470323562622,1.2910853624343872,0.6414339542388916,0.9847065210342407,1.4149622917175293,3.662510880531045e-05,3.583359648473561e-05,2.9184840968810022e-05,3.3666452509351075e-05,4.781554525834508e-05,0.0019496770833408543
401,in_domain,probabilistic_gru_mean_scenario_without_uncertainty_conditioning_max_min_payload_primal_dual_unfolding,in-domain-test-00000,16,0.9306222796440125,140179200.0,0,0.2869730293750763,0.0,16.0,16.0,16.0,16.0,16.0,16.0,16.0,1.147979974746704,1.2542524337768555,0.8607499599456787,1.1291658878326416,1.3477516174316406,3.901853779098019e-05,3.66169297194574e-05,3.293568443041295e-05,4.46107005700469e-05,4.191083644400351e-05,0.0019496770833408543
401,in_domain,probabilistic_gru_mean_scenario_without_uncertainty_conditioning_max_min_payload_primal_dual_unfolding,in-domain-test-00000,17,0.7522767186164856,185676880.0,0,0.3229134976863861,0.0,16.0,16.0,16.0,16.0,16.0,16.0,16.0,1.2163856327533722,1.1221427917480469,0.9196927547454834,1.3362574577331543,1.4874495267868042,3.8919549297133926e-05,3.9503906009485945e-05,2.807435521390289e-05,3.888986611855216e-05,4.9210069846594706e-05,0.0019496770833408543
401,in_domain,probabilistic_gru_mean_scenario_without_uncertainty_conditioning_max_min_payload_primal_dual_unfolding,in-domain-test-00000,18,0.740431010723114,149673008.0,0,0.27626997232437134,1.1920928955078125e-07,16.0,16.0,16.0,16.0,16.0,16.0,16.0,1.162904530763626,1.1300177574157715,0.8805699348449707,1.1993387937545776,1.4416916370391846,3.859932076011319e-05,4.056088437209837e-05,3.178229235345498e-05,3.685239425976761e-05,4.520171205513179e-05,0.0019496770833408543
401,in_domain,probabilistic_gru_mean_scenario_without_uncertainty_conditioning_max_min_payload_primal_dual_unfolding,in-domain-test-00000,19,0.8560336232185364,152257024.0,0,0.30817070603370667,0.0,16.0,16.0,16.0,16.0,16.0,16.0,16.0,1.047805979847908,1.198256015777588,0.7511593699455261,0.9840744733810425,1.2577340602874756,3.524449857650325e-05,3.457747516222298e-05,3.23160711559467e-05,3.2157138775801286e-05,4.192730921204202e-05,0.0019496770833408543
401,in_domain,probabilistic_gru_mean_scenario_without_uncertainty_conditioning_max_min_payload_primal_dual_unfolding,in-domain-test-00000,20,0.8284351229667664,173595344.0,0,0.3163255751132965,0.0,16.0,16.0,16.0,16.0,16.0,16.0,16.0,1.0846735835075378,1.3123760223388672,0.7523864507675171,0.9762102365493774,1.2977216243743896,3.6277352592151146e-05,3.701868263306096e-05,2.8921884222654626e-05,3.238184217480011e-05,4.6787001338088885e-05,0.0019496770833408543
401,in_domain,probabilistic_gru_mean_scenario_without_uncertainty_conditioning_max_min_payload_primal_dual_unfolding,in-domain-test-00000,21,0.7732360363006592,168858208.0,0,0.3169025480747223,0.0,16.0,16.0,16.0,16.0,16.0,16.0,16.0,1.1230626851320267,1.4016766548156738,0.8858850598335266,0.9009978771209717,1.3036911487579346,3.690185712912353e-05,3.88932203350123e-05,2.7772442990681157e-05,3.6739926144946367e-05,4.4201839045854285e-05,0.0019496770833408543
401,in_domain,probabilistic_gru_mean_scenario_without_uncertainty_conditioning_max_min_payload_primal_dual_unfolding,in-domain-test-00000,22,0.863939642906189,162492064.0,0,0.2832449972629547,0.0,16.0,16.0,16.0,16.0,16.0,16.0,16.0,1.068243071436882,1.3098320960998535,0.8184841871261597,0.8849138617515564,1.2597421407699585,3.503819561956334e-05,4.051295036333613e-05,2.811166450555902e-05,2.8484293579822406e-05,4.30438740295358e-05,0.0019496770833408543
401,in_domain,probabilistic_gru_mean_scenario_without_uncertainty_conditioning_max_min_payload_primal_dual_unfolding,in-domain-test-00000,23,0.8088177442550659,163759024.0,0,0.32074952125549316,0.0,16.0,16.0,16.0,16.0,16.0,16.0,16.0,1.1146172285079956,1.4612572193145752,0.7652498483657837,0.9333933591842651,1.2985684871673584,3.511103432174423e-05,3.6239431210560724e-05,2.7370408133720048e-05,3.129182005068287e-05,4.554247789201327e-05,0.0019496770833408543
401,in_domain,probabilistic_gru_mean_scenario_without_uncertainty_conditioning_max_min_payload_primal_dual_unfolding,in-domain-test-00000,24,0.8656005263328552,153685200.0,0,0.31201642751693726,0.0,16.0,16.0,16.0,16.0,16.0,16.0,16.0,1.1409024149179459,1.4499003887176514,0.8631449341773987,1.0078197717666626,1.2427445650100708,3.534653751557926e-05,3.397377804503776e-05,3.1569379643769935e-05,3.2210089557338506e-05,4.3632902816170827e-05,0.0019496770833408543
401,in_domain,probabilistic_gru_mean_scenario_without_uncertainty_conditioning_max_min_payload_primal_dual_unfolding,in-domain-test-00000,25,0.7157628536224365,190038432.0,0,0.35468968749046326,0.0,16.0,16.0,16.0,16.0,16.0,16.0,16.0,1.1600230634212494,1.4883201122283936,0.8191756010055542,1.0135693550109863,1.3190271854400635,3.6644493320636684e-05,3.879736323142424e-05,2.9602813810925e-05,3.306398866698146e-05,4.5113807573216036e-05,0.0019496770833408543
401,in_domain,probabilistic_gru_mean_scenario_without_uncertainty_conditioning_max_min_payload_primal_dual_unfolding,in-domain-test-00000,26,0.9226258993148804,135248400.0,0,0.25188860297203064,0.0,16.0,16.0,16.0,16.0,16.0,16.0,16.0,1.1260302662849426,1.6725828647613525,0.6450068950653076,0.9068361520767212,1.2796951532363892,3.597143359002075e-05,4.037681355839595e-05,2.709120417421218e-05,3.284378908574581e-05,4.357392754172906e-05,0.0019496770833408543
401,in_domain,probabilistic_gru_mean_scenario_without_uncertainty_conditioning_max_min_payload_primal_dual_unfolding,in-domain-test-00000,27,0.8943228125572205,153429584.0,0,0.32475849986076355,0.0,16.0,16.0,16.0,16.0,16.0,16.0,16.0,1.140430048108101,1.408132553100586,0.9588130116462708,0.8841849565505981,1.3105896711349487,3.5967105304735014e-05,3.644954631454311e-05,2.8444634153856896e-05,3.016067057615146e-05,4.881357017438859e-05,0.0019496770833408543
401,in_domain,probabilistic_gru_mean_scenario_without_uncertainty_conditioning_max_min_payload_primal_dual_unfolding,in-domain-test-00000,28,0.9006569385528564,136688480.0,0,0.2862611711025238,0.0,16.0,16.0,16.0,16.0,16.0,16.0,16.0,1.223383516073227,1.2334402799606323,1.1176064014434814,1.0047898292541504,1.5376975536346436,3.662419248939841e-05,3.926447607227601e-05,2.8597069103852846e-05,3.283812475274317e-05,4.5797100028721616e-05,0.0019496770833408543
401,in_domain,probabilistic_gru_mean_scenario_without_uncertainty_conditioning_max_min_payload_primal_dual_unfolding,in-domain-test-00000,29,0.7195459604263306,172020000.0,0,0.35946378111839294,0.0,16.0,16.0,16.0,16.0,16.0,16.0,16.0,1.2011465728282928,1.4204847812652588,0.8686792850494385,0.9825586080551147,1.5328636169433594,3.446415621510823e-05,3.891965025104582e-05,2.6019866709248163e-05,3.7762878491776064e-05,3.515422940836288e-05,0.0019496770833408543
401,in_domain,probabilistic_gru_mean_scenario_without_uncertainty_conditioning_max_min_payload_primal_dual_unfolding,in-domain-test-00000,30,0.7717698812484741,165242896.0,0,0.30976149439811707,1.1920928955078125e-07,16.0,16.0,16.0,16.0,16.0,16.0,16.0,1.1051677465438843,1.4166324138641357,0.8043497204780579,0.8224467635154724,1.377242088317871,3.703787660924718e-05,3.785711669479497e-05,3.2126754376804456e-05,3.666512202471495e-05,4.150251334067434e-05,0.0019496770833408543
401,in_domain,probabilistic_gru_mean_scenario_without_uncertainty_conditioning_max_min_payload_primal_dual_unfolding,in-domain-test-00000,31,0.7986432313919067,145251152.0,0,0.24233099818229675,0.0,16.0,16.0,16.0,16.0,16.0,16.0,16.0,1.0315825045108795,1.2834190130233765,0.7266068458557129,0.8277595043182373,1.2885446548461914,4.05523842346156e-05,4.6776429371675476e-05,3.568031752365641e-05,3.3508651540614665e-05,4.624413850251585e-05,0.0019496770833408543
401,in_domain,probabilistic_gru_mean_scenario_without_uncertainty_conditioning_max_min_payload_primal_dual_unfolding,in-domain-test-00000,32,0.7997902631759644,176883184.0,0,0.3485797345638275,0.0,16.0,16.0,16.0,16.0,16.0,16.0,16.0,1.074542686343193,1.2635276317596436,0.7706963419914246,0.8106603622436523,1.4532864093780518,3.751499934878666e-05,4.018169056507759e-05,3.302689947304316e-05,3.490835297270678e-05,4.194305438431911e-05,0.0019496770833408543
401,in_domain,probabilistic_gru_mean_scenario_without_uncertainty_conditioning_max_min_payload_primal_dual_unfolding,in-domain-test-00000,33,0.8478633165359497,142773824.0,0,0.3138229250907898,0.0,16.0,16.0,16.0,16.0,16.0,16.0,16.0,1.1022054255008698,1.3204342126846313,0.8435002565383911,0.837382435798645,1.4075047969818115,3.797809131356189e-05,3.935315544367768e-05,3.223746534786187e-05,4.098463978152722e-05,3.933710468118079e-05,0.0019496770833408543
401,in_domain,probabilistic_gru_mean_scenario_without_uncertainty_conditioning_max_min_payload_primal_dual_unfolding,in-domain-test-00000,34,0.8534507751464844,150646000.0,0,0.2911534011363983,0.0,16.0,16.0,16.0,16.0,16.0,16.0,16.0,1.1471906453371048,1.3235666751861572,0.8273435831069946,0.9581236243247986,1.4797286987304688,3.8593696899624774e-05,3.546551306499168e-05,3.0394830901059322e-05,3.811929855146445e-05,5.039514508098364e-05,0.0019496770833408543
401,in_domain,probabilistic_gru_mean_scenario_without_uncertainty_conditioning_max_min_payload_primal_dual_unfolding,in-domain-test-00000,35,0.745405912399292,189065408.0,0,0.3378232419490814,1.1920928955078125e-07,16.0,16.0,16.0,16.0,16.0,16.0,16.0,1.1681108176708221,1.3775441646575928,0.7595998048782349,0.9674475193023682,1.5678517818450928,3.705019389599329e-05,3.6405224818736315e-05,3.0766390409553424e-05,3.865088729071431e-05,4.237827306496911e-05,0.0019496770833408543
401,in_domain,probabilistic_gru_mean_scenario_without_uncertainty_conditioning_max_min_payload_primal_dual_unfolding,in-domain-test-00000,36,0.716911256313324,145205488.0,0,0.29407697916030884,2.384185791015625e-07,16.0,16.0,16.0,16.0,16.0,16.0,16.0,1.1041288077831268,1.3959579467773438,0.7201911211013794,0.9005115032196045,1.3998546600341797,3.741839282156434e-05,3.9442762499675155e-05,3.236324846511707e-05,3.3886546589201316e-05,4.398101373226382e-05,0.0019496770833408543
401,in_domain,probabilistic_gru_mean_scenario_without_uncertainty_conditioning_max_min_payload_primal_dual_unfolding,in-domain-test-00000,37,0.8292679786682129,165905392.0,0,0.3324100971221924,0.0,16.0,16.0,16.0,16.0,16.0,16.0,16.0,1.0264977514743805,1.2849805355072021,0.6909476518630981,0.9187602996826172,1.2113025188446045,3.58701681761886e-05,3.9206730434671044e-05,3.140111221000552e-05,3.5122611734550446e-05,3.7750218325527385e-05,0.0019496770833408543
401,in_domain,probabilistic_gru_mean_scenario_without_uncertainty_conditioning_max_min_payload_primal_dual_unfolding,in-domain-test-00000,38,0.7288807034492493,184167264.0,0,0.3390868008136749,0.0,16.0,16.0,16.0,16.0,16.0,16.0,16.0,1.0765959322452545,1.305867075920105,0.6932034492492676,1.0124032497406006,1.294909954071045,3.631784557001083e-05,3.7583937228191644e-05,2.8098425900680013e-05,3.732875848072581e-05,4.226026067044586e-05,0.0019496770833408543
401,in_domain,probabilistic_gru_mean_scenario_without_uncertainty_conditioning_max_min_payload_primal_dual_unfolding,in-domain-test-00000,39,0.8051585555076599,146418976.0,0,0.25916168093681335,0.0,16.0,16.0,16.0,16.0,16.0,16.0,16.0,1.0682489424943924,1.163999080657959,0.7876628041267395,0.9794187545776367,1.3419151306152344,3.783257125178352e-05,3.753842247533612e-05,3.142931018373929e-05,3.7030273233540356e-05,4.5332279114518315e-05,0.0019496770833408543
401,in_domain,probabilistic_gru_mean_scenario_without_uncertainty_conditioning_max_min_payload_primal_dual_unfolding,in-domain-test-00000,40,0.7738746404647827,150787360.0,0,0.30989161133766174,1.1920928955078125e-07,16.0,16.0,16.0,16.0,16.0,16.0,16.0,1.0461655855178833,1.1113218069076538,0.7641658782958984,1.0075825452804565,1.3015921115875244,3.7786881875945255e-05,3.7308323953766376e-05,3.2621614082017913e-05,3.6517831176752225e-05,4.469975829124451e-05,0.0019496770833408543
401,in_domain,probabilistic_gru_mean_scenario_without_uncertainty_conditioning_max_min_payload_primal_dual_unfolding,in-domain-test-00000,41,0.8730557560920715,171401488.0,0,0.3165820240974426,0.0,16.0,16.0,16.0,16.0,16.0,16.0,16.0,1.0688969641923904,1.3049532175064087,0.7213188409805298,0.9848211407661438,1.2644946575164795,3.911119802069152e-05,4.0449111111229286e-05,3.153925354126841e-05,3.7015928683103994e-05,4.7440498747164384e-05,0.0019496770833408543
401,in_domain,probabilistic_gru_mean_scenario_without_uncertainty_conditioning_max_min_payload_primal_dual_unfolding,in-domain-test-00000,42,0.7723116874694824,167176784.0,0,0.31815582513809204,1.1920928955078125e-07,16.0,16.0,16.0,16.0,16.0,16.0,16.0,1.1015970408916473,1.3097952604293823,0.7557499408721924,1.0146377086639404,1.3262052536010742,3.526656291796826e-05,3.556792944436893e-05,2.979254350066185e-05,3.0760460504097864e-05,4.494531822274439e-05,0.0019496770833408543
401,in_domain,probabilistic_gru_mean_scenario_without_uncertainty_conditioning_max_min_payload_primal_dual_unfolding,in-domain-test-00000,43,0.8143587112426758,170103536.0,0,0.3183956742286682,0.0,16.0,16.0,16.0,16.0,16.0,16.0,16.0,1.10710509121418,1.275252103805542,0.8177340626716614,1.0760440826416016,1.259390115737915,3.771494129978237e-05,3.7891481042606756e-05,2.9272907340782695e-05,3.822265352937393e-05,4.547272328636609e-05,0.0019496770833408543
401,in_domain,probabilistic_gru_mean_scenario_without_uncertainty_conditioning_max_min_payload_primal_dual_unfolding,in-domain-test-00000,44,0.9261385798454285,159157632.0,0,0.28741487860679626,0.0,16.0,16.0,16.0,16.0,16.0,16.0,16.0,1.0698263496160507,1.3491384983062744,0.7678293585777283,0.9767301082611084,1.1856074333190918,3.521829194141901e-05,3.9196736906887963e-05,3.252620081184432e-05,2.974555354740005e-05,3.940467649954371e-05,0.0019496770833408543
401,in_domain,probabilistic_gru_mean_scenario_without_uncertainty_conditioning_max_min_payload_primal_dual_unfolding,in-domain-test-00000,45,0.7814704179763794,181308432.0,0,0.3431084156036377,0.0,16.0,16.0,16.0,16.0,16.0,16.0,16.0,1.1848048716783524,1.3850328922271729,0.8016265034675598,1.1346008777618408,1.417959213256836,3.692044265335426e-05,3.82819926016964e-05,3.329047467559576e-05,3.415788887650706e-05,4.195141445961781e-05,0.0019496770833408543
401,in_domain,probabilistic_gru_mean_scenario_without_uncertainty_conditioning_max_min_payload_primal_dual_unfolding,in-domain-test-00000,46,0.8861880898475647,151250240.0,0,0.27633681893348694,2.384185791015625e-07,16.0,16.0,16.0,16.0,16.0,16.0,16.0,1.1703746318817139,1.350637674331665,0.7519834041595459,1.2345139980316162,1.3443634510040283,3.98643114749575e-05,4.773021282744594e-05,3.104260758846067e-05,3.747815208043903e-05,4.3206273403484374e-05,0.0019496770833408543
401,in_domain,probabilistic_gru_mean_scenario_without_uncertainty_conditioning_max_min_payload_primal_dual_unfolding,in-domain-test-00000,47,0.8355008959770203,152205920.0,0,0.2919721305370331,0.0,16.0,16.0,16.0,16.0,16.0,16.0,16.0,1.1517007648944855,1.4059609174728394,0.7488696575164795,1.1686484813690186,1.2833240032196045,3.8671620131935924e-05,4.09821659559384e-05,3.4136715839849785e-05,3.9396152715198696e-05,4.017144601675682e-05,0.0019496770833408543
401,in_domain,probabilistic_gru_mean_scenario_without_uncertainty_conditioning_max_min_payload_primal_dual_unfolding,in-domain-test-00000,48,0.7442041635513306,191134640.0,0,0.3336293399333954,0.0,16.0,16.0,16.0,16.0,16.0,16.0,16.0,1.1981617212295532,1.4178115129470825,0.80204176902771,1.2382118701934814,1.334581732749939,3.9939178350323346e-05,3.851741348626092e-05,3.393638689885847e-05,3.665915210149251e-05,5.064376091468148e-05,0.0019496770833408543
401,in_domain,probabilistic_gru_mean_scenario_without_uncertainty_conditioning_max_min_payload_primal_dual_unfolding,in-domain-test-00000,49,0.8059988021850586,138128240.0,0,0.3138476014137268,2.384185791015625e-07,16.0,16.0,16.0,16.0,16.0,16.0,16.0,1.0857926607131958,1.3217663764953613,0.686618447303772,1.124009370803833,1.210776448249817,3.5689885407919064e-05,3.654179090517573e-05,3.119586835964583e-05,3.882758755935356e-05,3.619429480750114e-05,0.0019496770833408543
401,in_domain,probabilistic_gru_mean_scenario_without_uncertainty_conditioning_max_min_payload_primal_dual_unfolding,in-domain-test-00000,50,0.8342218399047852,183113136.0,0,0.3429073691368103,0.0,16.0,16.0,16.0,16.0,16.0,16.0,16.0,1.0687508285045624,1.2396514415740967,0.8162302374839783,0.9756011366844177,1.2435204982757568,3.581066721380921e-05,3.377541361260228e-05,3.2608731999062e-05,3.876026312354952e-05,3.809826012002304e-05,0.0019496770833408543
401,in_domain,probabilistic_gru_mean_scenario_without_uncertainty_conditioning_max_min_payload_primal_dual_unfolding,in-domain-test-00001,3,0.6563099026679993,154699120.0,0,0.24310514330863953,0.0,16.0,16.0,16.0,16.0,16.0,16.0,16.0,0.8881411999464035,0.3321846127510071,1.0748176574707031,1.553225040435791,0.5923374891281128,3.298793171779835e-05,2.432567453070078e-05,3.061510142288171e-05,4.6356817620107904e-05,3.0654133297502995e-05,0.0019124791666627061
401,in_domain,probabilistic_gru_mean_scenario_without_uncertainty_conditioning_max_min_payload_primal_dual_unfolding,in-domain-test-00001,4,0.5745137929916382,173363440.0,0,0.3430902063846588,0.0,16.0,16.0,16.0,16.0,16.0,16.0,16.0,0.9118483662605286,0.35806334018707275,1.2318150997161865,1.4851078987121582,0.5724071264266968,3.3981998512899736e-05,2.791816950775683e-05,2.8404685508576222e-05,4.975143019692041e-05,2.9853708838345483e-05,0.0019124791666627061
401,in_domain,probabilistic_gru_mean_scenario_without_uncertainty_conditioning_max_min_payload_primal_dual_unfolding,in-domain-test-00001,5,0.5802955031394958,178287808.0,0,0.2670923173427582,1.1920928955078125e-07,16.0,16.0,16.0,16.0,16.0,16.0,16.0,0.8251059502363205,0.31135696172714233,1.1169313192367554,1.3356298208236694,0.5365056991577148,3.482737292870297e-05,2.8211217795615084e-05,3.047262543987017e-05,5.5548960517626256e-05,2.5076687961700372e-05,0.0019124791666627061
401,in_domain,probabilistic_gru_mean_scenario_without_uncertainty_conditioning_max_min_payload_primal_dual_unfolding,in-domain-test-00001,6,0.5544643998146057,157597664.0,0,0.2641857862472534,1.1920928955078125e-07,16.0,16.0,16.0,16.0,16.0,16.0,16.0,0.8224619701504707,0.30378785729408264,1.1351556777954102,1.3068013191223145,0.5441030263900757,3.650671260402305e-05,2.9633643862325698e-05,3.561048288247548e-05,5.5718584917485714e-05,2.506413875380531e-05,0.0019124791666627061
401,in_domain,probabilistic_gru_mean_scenario_without_uncertainty_conditioning_max_min_payload_primal_dual_unfolding,in-domain-test-00001,7,0.6264898777008057,148886928.0,0,0.26150450110435486,1.1920928955078125e-07,16.0,16.0,16.0,16.0,16.0,16.0,16.0,0.837500810623169,0.3562500476837158,1.1687684059143066,1.2918879985809326,0.5330967903137207,3.4285888887097826e-05,3.15238066832535e-05,3.820330312009901e-05,4.32931883551646e-05,2.4123257389874198e-05,0.0019124791666627061
401,in_domain,probabilistic_gru_mean_scenario_without_uncertainty_conditioning_max_min_payload_primal_dual_unfolding,in-domain-test-00001,8,0.6671131253242493,138911712.0,0,0.2742881178855896,0.0,16.0,16.0,16.0,16.0,16.0,16.0,16.0,0.8002507165074348,0.36027905344963074,0.992073655128479,1.3225035667419434,0.5261465907096863,3.531072798068635e-05,3.0463592338492163e-05,3.749061579583213e-05,4.761345189763233e-05,2.5675251890788786e-05,0.0019124791666627061
401,in_domain,probabilistic_gru_mean_scenario_without_uncertainty_conditioning_max_min_payload_primal_dual_unfolding,in-domain-test-00001,9,0.605660080909729,174182000.0,0,0.31782132387161255,0.0,16.0,16.0,16.0,16.0,16.0,16.0,16.0,0.8793538510799408,0.31154340505599976,1.0937085151672363,1.4973134994506836,0.6148499846458435,3.449187715887092e-05,3.064124393858947e-05,3.679162546177395e-05,4.4017946493113413e-05,2.6516692742006853e-05,0.0019124791666627061
401,in_domain,probabilistic_gru_mean_scenario_without_uncertainty_conditioning_max_min_payload_primal_dual_unfolding,in-domain-test-00001,10,0.7090412974357605,117430056.0,1,0.20573507249355316,0.0,16.0,16.0,16.0,16.0,16.0,16.0,16.0,0.8625036329030991,0.3344409465789795,0.9967613220214844,1.3978679180145264,0.720944344997406,3.394295208636322e-05,3.346636731293984e-05,3.53703107975889e-05,4.2035506339743733e-05,2.489962389518041e-05,0.0019124791666627061
401,in_domain,probabilistic_gru_mean_scenario_without_uncertainty_conditioning_max_min_payload_primal_dual_unfolding,in-domain-test-00001,11,0.7496832013130188,162726224.0,0,0.30764490365982056,0.0,16.0,16.0,16.0,16.0,16.0,16.0,16.0,0.8338572308421135,0.3888518512248993,0.8745092153549194,1.4297213554382324,0.6423465013504028,3.408067004784243e-05,3.0360910386662e-05,3.41833037964534e-05,4.773693945026025e-05,2.4041526557994075e-05,0.0019124791666627061
401,in_domain,probabilistic_gru_mean_scenario_without_uncertainty_conditioning_max_min_payload_primal_dual_unfolding,in-domain-test-00001,12,0.6271795630455017,132714176.0,0,0.2699265778064728,0.0,16.0,16.0,16.0,16.0,16.0,16.0,16.0,0.9314741045236588,0.4078088402748108,1.1297791004180908,1.5797615051269531,0.6085469722747803,3.5581265365181025e-05,3.0182172849890776e-05,3.499711965559982e-05,4.921742220176384e-05,2.792834675346967e-05,0.0019124791666627061
401,in_domain,probabilistic_gru_mean_scenario_without_uncertainty_conditioning_max_min_payload_primal_dual_unfolding,in-domain-test-00001,13,0.6867214441299438,127258160.0,1,0.22560282051563263,0.0,16.0,16.0,16.0,16.0,16.0,16.0,16.0,0.9089862406253815,0.36628782749176025,1.2599945068359375,1.3924057483673096,0.6172568798065186,3.573208687157603e-05,2.705468432395719e-05,3.32681811414659e-05,5.318143666954711e-05,2.9424045351333916e-05,0.0019124791666627061
401,in_domain,probabilistic_gru_mean_scenario_without_uncertainty_conditioning_max_min_payload_primal_dual_unfolding,in-domain-test-00001,14,0.6204221844673157,165605040.0,0,0.2773410379886627,0.0,16.0,16.0,16.0,16.0,16.0,16.0,16.0,0.8851683288812637,0.34507858753204346,1.2459619045257568,1.3511404991149902,0.5984923243522644,3.40468986905762e-05,2.431683060422074e-05,3.626869875006378e-05,4.7295503463828936e-05,2.8306561944191344e-05,0.0019124791666627061
401,in_domain,probabilistic_gru_mean_scenario_without_uncertainty_conditioning_max_min_payload_primal_dual_unfolding,in-domain-test-00001,15,0.6666616201400757,113732992.0,0,0.26212555170059204,0.0,16.0,16.0,16.0,16.0,16.0,16.0,16.0,0.8812318667769432,0.3322438895702362,1.1831740140914917,1.363537311553955,0.6459722518920898,3.242883576604072e-05,2.449105704727117e-05,3.73842085537035e-05,4.2656502046156675e-05,2.5183575417031534e-05,0.0019124791666627061
401,in_domain,probabilistic_gru_mean_scenario_without_uncertainty_conditioning_max_min_payload_primal_dual_unfolding,in-domain-test-00001,16,0.6851159930229187,122402440.0,1,0.1907043308019638,1.1920928955078125e-07,16.0,16.0,16.0,16.0,16.0,16.0,16.0,0.865459255874157,0.3197838366031647,1.0927199125289917,1.4469897747039795,0.6023434996604919,3.302439017716097e-05,2.528194454498589e-05,3.6752673622686416e-05,4.7924619138939306e-05,2.2138323402032256e-05,0.0019124791666627061
401,in_domain,probabilistic_gru_mean_scenario_without_uncertainty_conditioning_max_min_payload_primal_dual_unfolding,in-domain-test-00001,17,0.5885661840438843,145772928.0,0,0.2854870855808258,0.0,16.0,16.0,16.0,16.0,16.0,16.0,16.0,0.9050406664609909,0.34392768144607544,1.1345398426055908,1.5810508728027344,0.560644268989563,3.179862596880412e-05,2.5993398594437167e-05,2.9425538741634227e-05,4.567028736346401e-05,2.6105279175681062e-05,0.0019124791666627061
401,in_domain,probabilistic_gru_mean_scenario_without_uncertainty_conditioning_max_min_payload_primal_dual_unfolding,in-domain-test-00001,18,0.6048025488853455,135897168.0,0,0.2783644497394562,1.1920928955078125e-07,16.0,16.0,16.0,16.0,16.0,16.0,16.0,0.8528367280960083,0.35213541984558105,1.1466126441955566,1.4182895421981812,0.49430930614471436,3.4049759506160626e-05,2.7149118977831677e-05,3.403394657652825e-05,4.565513154375367e-05,2.936084092652891e-05,0.0019124791666627061
401,in_domain,probabilistic_gru_mean_scenario_without_uncertainty_conditioning_max_min_payload_primal_dual_unfolding,in-domain-test-00001,19,0.5864412188529968,173285824.0,0,0.31909793615341187,2.384185791015625e-07,16.0,16.0,16.0,16.0,16.0,16.0,16.0,0.79704749584198,0.37490928173065186,1.1061365604400635,1.2875876426696777,0.41955649852752686,3.364741451150621e-05,2.5836647182586603e-05,3.414927050471306e-05,4.387208537082188e-05,3.073165498790331e-05,0.0019124791666627061
401,in_domain,probabilistic_gru_mean_scenario_without_uncertainty_conditioning_max_min_payload_primal_dual_unfolding,in-domain-test-00001,20,0.6323195695877075,181903072.0,0,0.35579347610473633,0.0,16.0,16.0,16.0,16.0,16.0,16.0,16.0,0.7786361202597618,0.3877165913581848,0.9849103689193726,1.2676639556884766,0.4742535650730133,3.623851625889074e-05,3.0355520721059293e-05,3.3713484299369156e-05,5.217101352172904e-05,2.8714046493405476e-05,0.0019124791666627061
401,in_domain,probabilistic_gru_mean_scenario_without_uncertainty_conditioning_max_min_payload_primal_dual_unfolding,in-domain-test-00001,21,0.6923573613166809,138324416.0,0,0.24661338329315186,2.384185791015625e-07,16.0,16.0,16.0,16.0,16.0,16.0,16.0,0.788127027451992,0.4253498613834381,0.9577615857124329,1.2292718887329102,0.540124773979187,3.4143384255003184e-05,2.6681866074795835e-05,3.2582382118562236e-05,5.396405322244391e-05,2.3345235604210757e-05,0.0019124791666627061
401,in_domain,probabilistic_gru_mean_scenario_without_uncertainty_conditioning_max_min_payload_primal_dual_unfolding,in-domain-test-00001,22,0.6146842241287231,159044096.0,0,0.3466724455356598,0.0,16.0,16.0,16.0,16.0,16.0,16.0,16.0,0.8672410249710083,0.41051411628723145,1.166640281677246,1.3851755857467651,0.5066341161727905,3.404495873837732e-05,2.636862154759001e-05,3.591894346754998e-05,4.8541289288550615e-05,2.5350980649818666e-05,0.0019124791666627061
401,in_domain,probabilistic_gru_mean_scenario_without_uncertainty_conditioning_max_min_payload_primal_dual_unfolding,in-domain-test-00001,23,0.6473261117935181,148562032.0,0,0.30381089448928833,0.0,16.0,16.0,16.0,16.0,16.0,16.0,16.0,0.8693836033344269,0.36118924617767334,1.2054543495178223,1.4083073139190674,0.5025835037231445,3.406298628760851e-05,2.8422366085578687e-05,3.3632764825597405e-05,4.7443136281799525e-05,2.675367795745842e-05,0.0019124791666627061
401,in_domain,probabilistic_gru_mean_scenario_without_uncertainty_conditioning_max_min_payload_primal_dual_unfolding,in-domain-test-00001,24,0.6215484142303467,160991360.0,0,0.26306700706481934,1.1920928955078125e-07,16.0,16.0,16.0,16.0,16.0,16.0,16.0,0.8457738980650902,0.38745978474617004,1.0989588499069214,1.335697889328003,0.5609790682792664,3.424025089771021e-05,3.0526229238603264e-05,3.569766704458743e-05,4.304759204387665e-05,2.76895152637735e-05,0.0019124791666627061
401,in_domain,probabilistic_gru_mean_scenario_without_uncertainty_conditioning_max_min_payload_primal_dual_unfolding,in-domain-test-00001,25,0.6672802567481995,111952128.0,1,0.21601110696792603,1.1920928955078125e-07,16.0,16.0,16.0,16.0,16.0,16.0,16.0,0.866936519742012,0.3743140697479248,1.1761441230773926,1.260824203491211,0.6564636826515198,4.04550164603279e-05,3.489828668534756e-05,3.998391912318766e-05,5.054232315160334e-05,3.639553688117303e-05,0.0019124791666627061
401,in_domain,probabilistic_gru_mean_scenario_without_uncertainty_conditioning_max_min_payload_primal_dual_unfolding,in-domain-test-00001,26,0.6240402460098267,167323184.0,0,0.3034244179725647,0.0,16.0,16.0,16.0,16.0,16.0,16.0,16.0,0.9145552963018417,0.3791661262512207,1.3790323734283447,1.316542148590088,0.5834805369377136,3.830816422123462e-05,3.729367017513141e-05,4.099672150914557e-05,4.740200165542774e-05,2.7540263545233756e-05,0.0019124791666627061
401,in_domain,probabilistic_gru_mean_scenario_without_uncertainty_conditioning_max_min_payload_primal_dual_unfolding,in-domain-test-00001,27,0.7289733290672302,128757752.0,0,0.2423674613237381,0.0,16.0,16.0,16.0,16.0,16.0,16.0,16.0,0.8747582733631134,0.3986537456512451,1.2535455226898193,1.333089828491211,0.5137439966201782,3.490951166895684e-05,3.3210460969712585e-05,4.0579718188382685e-05,4.044285378768109e-05,2.5405013730050996e-05,0.0019124791666627061
401,in_domain,probabilistic_gru_mean_scenario_without_uncertainty_conditioning_max_min_payload_primal_dual_unfolding,in-domain-test-00001,28,0.6842554807662964,130250856.0,0,0.29673293232917786,0.0,16.0,16.0,16.0,16.0,16.0,16.0,16.0,0.8906183689832687,0.3619909882545471,1.2270325422286987,1.4166202545166016,0.5568296909332275,3.483973705442622e-05,2.6920402888208628e-05,3.650925646070391e-05,5.046566730015911e-05,2.5463621568633243e-05,0.0019124791666627061
401,in_domain,probabilistic_gru_mean_scenario_without_uncertainty_conditioning_max_min_payload_primal_dual_unfolding,in-domain-test-00001,29,0.6990228891372681,148263584.0,0,0.26865482330322266,0.0,16.0,16.0,16.0,16.0,16.0,16.0,16.0,0.9477775394916534,0.40647590160369873,1.3207707405090332,1.5224430561065674,0.5414204597473145,3.426106059123413e-05,2.9626722607645206e-05,3.9323789678746834e-05,4.329238799982704e-05,2.4801342078717425e-05,0.0019124791666627061
401,in_domain,probabilistic_gru_mean_scenario_without_uncertainty_conditioning_max_min_payload_primal_dual_unfolding,in-domain-test-00001,30,0.6383605003356934,190321344.0,0,0.3296958804130554,1.1920928955078125e-07,16.0,16.0,16.0,16.0,16.0,16.0,16.0,0.9135338366031647,0.4592188596725464,1.1313271522521973,1.45524001121521,0.6083493232727051,3.689800132633536e-05,3.230473885196261e-05,3.9160047890618443e-05,5.055294241174124e-05,2.557427615101915e-05,0.0019124791666627061
401,in_domain,probabilistic_gru_mean_scenario_without_uncertainty_conditioning_max_min_payload_primal_dual_unfolding,in-domain-test-00001,31,0.6257762312889099,171180256.0,0,0.27954959869384766,0.0,16.0,16.0,16.0,16.0,16.0,16.0,16.0,0.875046119093895,0.3891116976737976,1.1082310676574707,1.388817548751831,0.6140241622924805,3.392044845895725e-05,2.961704376502894e-05,3.8375466829165816e-05,4.194274515612051e-05,2.5746538085513748e-05,0.0019124791666627061
401,in_domain,probabilistic_gru_mean_scenario_without_uncertainty_conditioning_max_min_payload_primal_dual_unfolding,in-domain-test-00001,32,0.6478263139724731,147308912.0,0,0.30839699506759644,1.1920928955078125e-07,16.0,16.0,16.0,16.0,16.0,16.0,16.0,0.8640298172831535,0.30255237221717834,1.218640923500061,1.3962494134902954,0.5386765599250793,3.29375070577953e-05,2.7728747227229178e-05,3.724393172888085e-05,4.2585987102938816e-05,2.4191362172132358e-05,0.0019124791666627061
401,in_domain,probabilistic_gru_mean_scenario_without_uncertainty_conditioning_max_min_payload_primal_dual_unfolding,in-domain-test-00001,33,0.7367552518844604,130631544.0,0,0.27265140414237976,0.0,16.0,16.0,16.0,16.0,16.0,16.0,16.0,0.8785251826047897,0.3266181945800781,1.2376583814620972,1.4092490673065186,0.5405750870704651,3.743140814549406e-05,3.0030400012037717e-05,3.72398026229348e-05,5.5825734307290986e-05,2.6629695639712736e-05,0.0019124791666627061
401,in_domain,probabilistic_gru_mean_scenario_without_uncertainty_conditioning_max_min_payload_primal_dual_unfolding,in-domain-test-00001,34,0.651055097579956,127402520.0,0,0.2461281716823578,0.0,16.0,16.0,16.0,16.0,16.0,16.0,16.0,0.9254576563835144,0.4425343871116638,1.3423805236816406,1.3838093280792236,0.5331063866615295,3.262501468270784e-05,3.073046536883339e-05,3.2871317671379074e-05,4.2660092731239274e-05,2.4238182959379628e-05,0.0019124791666627061
401,in_domain,probabilistic_gru_mean_scenario_without_uncertainty_conditioning_max_min_payload_primal_dual_unfolding,in-domain-test-00001,35,0.6807739734649658,150976928.0,0,0.3018190860748291,0.0,16.0,16.0,16.0,16.0,16.0,16.0,16.0,0.9577518403530121,0.4963095784187317,1.357774019241333,1.3822076320648193,0.5947161316871643,3.552984117050073e-05,3.0421677365666255e-05,3.7816691474290565e-05,4.833191633224487e-05,2.554907950980123e-05,0.0019124791666627061
401,in_domain,probabilistic_gru_mean_scenario_without_uncertainty_conditioning_max_min_payload_primal_dual_unfolding,in-domain-test-00001,36,0.6740953326225281,145010864.0,0,0.2629936933517456,0.0,16.0,16.0,16.0,16.0,16.0,16.0,16.0,0.9028476178646088,0.43984878063201904,1.2360806465148926,1.2771891355514526,0.6582719087600708,3.532045502652181e-05,2.963764018204529e-05,3.638636553660035e-05,4.615904254023917e-05,2.9098771847202443e-05,0.0019124791666627061
401,in_domain,probabilistic_gru_mean_scenario_without_uncertainty_conditioning_max_min_payload_primal_dual_unfolding,in-domain-test-00001,37,0.6416512727737427,182282176.0,0,0.2831382155418396,0.0,16.0,16.0,16.0,16.0,16.0,16.0,16.0,0.8730548992753029,0.3837253153324127,1.064758062362671,1.4441065788269043,0.5996296405792236,3.4030157621600665e-05,2.782587762339972e-05,3.3808806620072573e-05,4.7887995606288314e-05,2.6597950636642054e-05,0.0019124791666627061
401,in_domain,probabilistic_gru_mean_scenario_without_uncertainty_conditioning_max_min_payload_primal_dual_unfolding,in-domain-test-00001,38,0.661564290523529,152729008.0,0,0.26348990201950073,0.0,16.0,16.0,16.0,16.0,16.0,16.0,16.0,0.841306746006012,0.3508565425872803,1.0966397523880005,1.3594677448272705,0.5582629442214966,3.301335163996555e-05,2.6213225282845087e-05,3.3732849260559306e-05,4.848996104556136e-05,2.3617370970896445e-05,0.0019124791666627061
401,in_domain,probabilistic_gru_mean_scenario_without_uncertainty_conditioning_max_min_payload_primal_dual_unfolding,in-domain-test-00001,39,0.643505871295929,178115616.0,0,0.2975732386112213,0.0,16.0,16.0,16.0,16.0,16.0,16.0,16.0,0.8610031753778458,0.3816184401512146,1.2710952758789062,1.2566436529159546,0.5346553325653076,3.3144557164632715e-05,2.6208572307950817e-05,4.204898505122401e-05,4.048975824844092e-05,2.3830913050915115e-05,0.0019124791666627061
401,in_domain,probabilistic_gru_mean_scenario_without_uncertainty_conditioning_max_min_payload_primal_dual_unfolding,in-domain-test-00001,40,0.6391026377677917,131854816.0,0,0.254866361618042,0.0,16.0,16.0,16.0,16.0,16.0,16.0,16.0,0.8709874898195267,0.4203454852104187,1.1952223777770996,1.2965080738067627,0.5718740224838257,3.3380358672729926e-05,2.926027991634328e-05,3.7719270039815456e-05,3.821285645244643e-05,2.832902828231454e-05,0.0019124791666627061
401,in_domain,probabilistic_gru_mean_scenario_without_uncertainty_conditioning_max_min_payload_primal_dual_unfolding,in-domain-test-00001,41,0.6745977997779846,166816480.0,0,0.2840142250061035,0.0,16.0,16.0,16.0,16.0,16.0,16.0,16.0,0.8788446560502052,0.3695457875728607,1.2597901821136475,1.264800786972046,0.6212418675422668,3.49358087987639e-05,2.718785617616959e-05,3.7884852645220235e-05,4.413532587932423e-05,3.053520049434155e-05,0.0019124791666627061
401,in_domain,probabilistic_gru_mean_scenario_without_uncertainty_conditioning_max_min_payload_primal_dual_unfolding,in-domain-test-00001,42,0.6151120066642761,183348720.0,0,0.3434732258319855,0.0,16.0,16.0,16.0,16.0,16.0,16.0,16.0,0.8651492893695831,0.3736693859100342,1.3258917331695557,1.2013696432113647,0.5596663951873779,3.356651586727821e-05,2.4078288333839737e-05,3.6084067687625065e-05,4.30643922300078e-05,3.103931521764025e-05,0.0019124791666627061
401,in_domain,probabilistic_gru_mean_scenario_without_uncertainty_conditioning_max_min_payload_primal_dual_unfolding,in-domain-test-00001,43,0.6763861179351807,129204768.0,0,0.272038072347641,0.0,16.0,16.0,16.0,16.0,16.0,16.0,16.0,0.8429154455661774,0.406699538230896,1.3502918481826782,1.105669617652893,0.5090007781982422,3.147771167277824e-05,2.268590105813928e-05,3.4415777918184176e-05,4.375235948828049e-05,2.505680822650902e-05,0.0019124791666627061
401,in_domain,probabilistic_gru_mean_scenario_without_uncertainty_conditioning_max_min_payload_primal_dual_unfolding,in-domain-test-00001,44,0.6723387241363525,142879184.0,0,0.2837531566619873,0.0,16.0,16.0,16.0,16.0,16.0,16.0,16.0,0.8864737451076508,0.3616177439689636,1.3468060493469238,1.2223628759384155,0.6151083111763,3.135797942377394e-05,2.2186770365806296e-05,3.530256071826443e-05,3.8883696106495336e-05,2.90588905045297e-05,0.0019124791666627061
401,in_domain,probabilistic_gru_mean_scenario_without_uncertainty_conditioning_max_min_payload_primal_dual_unfolding,in-domain-test-00001,45,0.6850647926330566,155063536.0,0,0.2800232172012329,0.0,16.0,16.0,16.0,16.0,16.0,16.0,16.0,0.9041447639465332,0.37160611152648926,1.2037593126296997,1.3587676286697388,0.6824460029602051,3.351887289682054e-05,2.3403896193485707e-05,3.220748112653382e-05,5.068996688351035e-05,2.777414738375228e-05,0.0019124791666627061
401,in_domain,probabilistic_gru_mean_scenario_without_uncertainty_conditioning_max_min_payload_primal_dual_unfolding,in-domain-test-00001,46,0.6721552014350891,150998112.0,0,0.3153553903102875,0.0,16.0,16.0,16.0,16.0,16.0,16.0,16.0,0.9001509621739388,0.39223507046699524,1.2396931648254395,1.3547043800354004,0.6139712333679199,3.114099854428787e-05,2.3742826670059003e-05,2.9397226171568036e-05,4.363405969343148e-05,2.778988164209295e-05,0.0019124791666627061
401,in_domain,probabilistic_gru_mean_scenario_without_uncertainty_conditioning_max_min_payload_primal_dual_unfolding,in-domain-test-00001,47,0.7224097847938538,154862752.0,0,0.27170050144195557,1.1920928955078125e-07,16.0,16.0,16.0,16.0,16.0,16.0,16.0,0.8921322822570801,0.41325825452804565,1.2707955837249756,1.2604045867919922,0.6240707039833069,3.53854698005307e-05,2.654195122886449e-05,3.3736152545316145e-05,5.375268665375188e-05,2.7511088774190284e-05,0.0019124791666627061
401,in_domain,probabilistic_gru_mean_scenario_without_uncertainty_conditioning_max_min_payload_primal_dual_unfolding,in-domain-test-00001,48,0.7140122652053833,117248496.0,1,0.16055141389369965,1.1920928955078125e-07,16.0,16.0,16.0,16.0,16.0,16.0,16.0,0.904991403222084,0.4472336173057556,1.172236680984497,1.3890395164489746,0.6114557981491089,3.504309506752179e-05,2.5043047571671195e-05,4.001231718575582e-05,4.5417375076795e-05,2.969964043586515e-05,0.0019124791666627061
401,in_domain,probabilistic_gru_mean_scenario_without_uncertainty_conditioning_max_min_payload_primal_dual_unfolding,in-domain-test-00001,49,0.7127606272697449,121649720.0,1,0.22435495257377625,2.384185791015625e-07,16.0,16.0,16.0,16.0,16.0,16.0,16.0,0.9217045903205872,0.39769792556762695,1.1397446393966675,1.6240571737289429,0.5253186225891113,3.662745029942016e-05,2.416020470263902e-05,4.072255251230672e-05,5.493553908308968e-05,2.6691504899645224e-05,0.0019124791666627061
401,in_domain,probabilistic_gru_mean_scenario_without_uncertainty_conditioning_max_min_payload_primal_dual_unfolding,in-domain-test-00001,50,0.5543199777603149,144202528.0,0,0.30455562472343445,1.1920928955078125e-07,16.0,16.0,16.0,16.0,16.0,16.0,16.0,0.9643909633159637,0.3798942565917969,1.3383874893188477,1.5851647853851318,0.5541173219680786,3.6626385281124385e-05,2.9654485842911527e-05,4.26084479840938e-05,5.11341895617079e-05,2.3108417735784315e-05,0.0019124791666627061
401,in_domain,probabilistic_gru_mean_scenario_without_uncertainty_conditioning_max_min_payload_primal_dual_unfolding,in-domain-test-00002,3,0.27222055196762085,169869888.0,0,0.28821632266044617,0.0,16.0,16.0,16.0,16.0,16.0,16.0,16.0,0.3088015834800899,0.10191386938095093,0.37923702597618103,0.03004121594130993,0.7240142226219177,2.328496111658751e-05,2.2190868548932485e-05,2.264160502818413e-05,1.5349149180110544e-05,3.295822170912288e-05,0.00134326458335939
401,in_domain,probabilistic_gru_mean_scenario_without_uncertainty_conditioning_max_min_payload_primal_dual_unfolding,in-domain-test-00002,4,0.2881110906600952,163996416.0,0,0.3364896774291992,0.0,16.0,16.0,16.0,16.0,16.0,16.0,16.0,0.2935040704905987,0.09666956961154938,0.38465726375579834,0.03313019871711731,0.6595592498779297,2.3301613964576973e-05,2.114153357979376e-05,2.2053725842852145e-05,1.647197495913133e-05,3.3539221476530656e-05,0.00134326458335939
401,in_domain,probabilistic_gru_mean_scenario_without_uncertainty_conditioning_max_min_payload_primal_dual_unfolding,in-domain-test-00002,5,0.26113367080688477,149039024.0,0,0.2552083134651184,1.1920928955078125e-07,16.0,16.0,16.0,16.0,16.0,16.0,16.0,0.30989118944853544,0.10152100026607513,0.45244234800338745,0.03193157538771629,0.6536698341369629,2.501545031918795e-05,2.209081685577985e-05,2.6032519599539228e-05,1.6820229575387202e-05,3.5118235246045515e-05,0.00134326458335939
401,in_domain,probabilistic_gru_mean_scenario_without_uncertainty_conditioning_max_min_payload_primal_dual_unfolding,in-domain-test-00002,6,0.3048037588596344,165470768.0,0,0.2891603708267212,0.0,16.0,16.0,16.0,16.0,16.0,16.0,16.0,0.28984241420403123,0.10151836276054382,0.4344812035560608,0.026034394279122353,0.597335696220398,2.4221964849857613e-05,2.5097215257119387e-05,2.3605634851264767e-05,1.665657509875018e-05,3.152843419229612e-05,0.00134326458335939
401,in_domain,probabilistic_gru_mean_scenario_without_uncertainty_conditioning_max_min_payload_primal_dual_unfolding,in-domain-test-00002,7,0.24341170489788055,189873376.0,0,0.35591211915016174,0.0,16.0,16.0,16.0,16.0,16.0,16.0,16.0,0.3016182202845812,0.0938677042722702,0.391947865486145,0.02380915731191635,0.6968481540679932,2.4757895971561084e-05,2.421522731310688e-05,2.378400859015528e-05,1.697182233328931e-05,3.406052564969286e-05,0.00134326458335939
401,in_domain,probabilistic_gru_mean_scenario_without_uncertainty_conditioning_max_min_payload_primal_dual_unfolding,in-domain-test-00002,8,0.282441645860672,190489856.0,0,0.3784041106700897,0.0,16.0,16.0,16.0,16.0,16.0,16.0,16.0,0.30261046532541513,0.097610704600811,0.38402295112609863,0.026292484253644943,0.702515721321106,2.4516451503586723e-05,2.4143202608684078e-05,2.5085935703828e-05,1.795163916540332e-05,3.088502853643149e-05,0.00134326458335939
401,in_domain,probabilistic_gru_mean_scenario_without_uncertainty_conditioning_max_min_payload_primal_dual_unfolding,in-domain-test-00002,9,0.2530525028705597,186330640.0,0,0.3462127447128296,0.0,16.0,16.0,16.0,16.0,16.0,16.0,16.0,0.27318085730075836,0.1047346442937851,0.3918931186199188,0.02862207591533661,0.5674735903739929,2.4982748527691e-05,2.351699731661938e-05,2.468391539878212e-05,1.876737042039167e-05,3.296271097497083e-05,0.00134326458335939
401,in_domain,probabilistic_gru_mean_scenario_without_uncertainty_conditioning_max_min_payload_primal_dual_unfolding,in-domain-test-00002,10,0.27104103565216064,187680064.0,0,0.3525175154209137,0.0,16.0,16.0,16.0,16.0,16.0,16.0,16.0,0.2727764714509249,0.108261838555336,0.365287184715271,0.03194486349821091,0.5856119990348816,2.4776645659585483e-05,2.210295497206971e-05,2.237751141365152e-05,1.8321583411307074e-05,3.630453284131363e-05,0.00134326458335939
401,in_domain,probabilistic_gru_mean_scenario_without_uncertainty_conditioning_max_min_payload_primal_dual_unfolding,in-domain-test-00002,11,0.26602068543434143,183305456.0,0,0.36626437306404114,0.0,16.0,16.0,16.0,16.0,16.0,16.0,16.0,0.2814660556614399,0.10496513545513153,0.4115358889102936,0.03295862674713135,0.5764045715332031,2.5211052616214147e-05,2.1055935576441698e-05,2.787266203085892e-05,1.7800724890548736e-05,3.4114887967007235e-05,0.00134326458335939
401,in_domain,probabilistic_gru_mean_scenario_without_uncertainty_conditioning_max_min_payload_primal_dual_unfolding,in-domain-test-00002,12,0.243308886885643,181351056.0,0,0.3629682958126068,0.0,16.0,16.0,16.0,16.0,16.0,16.0,16.0,0.29484405275434256,0.11739165335893631,0.49257105588912964,0.02681531384587288,0.5425981879234314,2.477958832969307e-05,2.163350654882379e-05,2.8935392037965357e-05,1.626379344088491e-05,3.228566129109822e-05,0.00134326458335939
401,in_domain,probabilistic_gru_mean_scenario_without_uncertainty_conditioning_max_min_payload_primal_dual_unfolding,in-domain-test-00002,13,0.28346946835517883,166105552.0,0,0.2957713305950165,0.0,16.0,16.0,16.0,16.0,16.0,16.0,16.0,0.28016940504312515,0.10413625836372375,0.4666839838027954,0.025538325309753418,0.524319052696228,2.4472539507769397e-05,2.2340795112540945e-05,3.0395143767236732e-05,1.5068309039634187e-05,3.0085910111665726e-05,0.00134326458335939
401,in_domain,probabilistic_gru_mean_scenario_without_uncertainty_conditioning_max_min_payload_primal_dual_unfolding,in-domain-test-00002,14,0.28587597608566284,187835408.0,0,0.36379754543304443,1.1920928955078125e-07,16.0,16.0,16.0,16.0,16.0,16.0,16.0,0.30949290562421083,0.09142372012138367,0.49210160970687866,0.026672888547182083,0.6277734041213989,2.5436823761992855e-05,2.193452928622719e-05,3.0599745514336973e-05,1.490273280069232e-05,3.431028744671494e-05,0.00134326458335939
401,in_domain,probabilistic_gru_mean_scenario_without_uncertainty_conditioning_max_min_payload_primal_dual_unfolding,in-domain-test-00002,15,0.2726452052593231,182514320.0,0,0.3451320230960846,0.0,16.0,16.0,16.0,16.0,16.0,16.0,16.0,0.3338047228753567,0.11922555416822433,0.4622541666030884,0.02622496336698532,0.7275142073631287,2.5706625365273794e-05,2.4407156161032617e-05,2.841559035005048e-05,1.5210467608994804e-05,3.4793287341017276e-05,0.00134326458335939
401,in_domain,probabilistic_gru_mean_scenario_without_uncertainty_conditioning_max_min_payload_primal_dual_unfolding,in-domain-test-00002,16,0.28926944732666016,162645104.0,0,0.325299471616745,1.1920928955078125e-07,16.0,16.0,16.0,16.0,16.0,16.0,16.0,0.30291960295289755,0.11664159595966339,0.41827458143234253,0.028177868574857712,0.6485843658447266,2.4267566232083482e-05,2.4128878067131154e-05,2.464395947754383e-05,1.5155520486587193e-05,3.314190689707175e-05,0.00134326458335939
401,in_domain,probabilistic_gru_mean_scenario_without_uncertainty_conditioning_max_min_payload_primal_dual_unfolding,in-domain-test-00002,17,0.2575502395629883,162685504.0,0,0.32733967900276184,0.0,16.0,16.0,16.0,16.0,16.0,16.0,16.0,0.29049523267894983,0.09323054552078247,0.4547467827796936,0.027699116617441177,0.5863044857978821,2.1542793092521606e-05,2.2360130969900638e-05,2.157167728000786e-05,1.446237729396671e-05,2.7776986826211214e-05,0.00134326458335939
401,in_domain,probabilistic_gru_mean_scenario_without_uncertainty_conditioning_max_min_payload_primal_dual_unfolding,in-domain-test-00002,18,0.27079975605010986,158296944.0,0,0.2840292751789093,0.0,16.0,16.0,16.0,16.0,16.0,16.0,16.0,0.28328438475728035,0.09795717895030975,0.46391090750694275,0.02987802028656006,0.5413914322853088,2.3454334723282955e-05,2.423646037641447e-05,2.309360570507124e-05,1.5189726582320873e-05,3.1297546229325235e-05,0.00134326458335939
401,in_domain,probabilistic_gru_mean_scenario_without_uncertainty_conditioning_max_min_payload_primal_dual_unfolding,in-domain-test-00002,19,0.331532746553421,159054832.0,0,0.33580976724624634,0.0,16.0,16.0,16.0,16.0,16.0,16.0,16.0,0.2817773725837469,0.10963119566440582,0.4231641888618469,0.03585440665483475,0.5584596991539001,2.3737150513625238e-05,2.391430280113127e-05,2.193943328165915e-05,1.716347469482571e-05,3.1931391276884824e-05,0.00134326458335939
401,in_domain,probabilistic_gru_mean_scenario_without_uncertainty_conditioning_max_min_payload_primal_dual_unfolding,in-domain-test-00002,20,0.30488911271095276,148783616.0,0,0.2995673418045044,0.0,16.0,16.0,16.0,16.0,16.0,16.0,16.0,0.32584554608911276,0.11117008328437805,0.44239842891693115,0.03928947076201439,0.7105242013931274,2.4713680886634393e-05,2.312110700586345e-05,2.2403562979889102e-05,1.708344825601671e-05,3.624660530476831e-05,0.00134326458335939
401,in_domain,probabilistic_gru_mean_scenario_without_uncertainty_conditioning_max_min_payload_primal_dual_unfolding,in-domain-test-00002,21,0.2580082416534424,148997648.0,0,0.3107518255710602,1.1920928955078125e-07,16.0,16.0,16.0,16.0,16.0,16.0,16.0,0.361309802159667,0.1069665253162384,0.47890156507492065,0.03486066311597824,0.8245104551315308,2.4907788883865578e-05,2.201113966293633e-05,2.1791283870697953e-05,1.6706802853150293e-05,3.9121929148677737e-05,0.00134326458335939
401,in_domain,probabilistic_gru_mean_scenario_without_uncertainty_conditioning_max_min_payload_primal_dual_unfolding,in-domain-test-00002,22,0.29550498723983765,151774560.0,0,0.31569910049438477,0.0,16.0,16.0,16.0,16.0,16.0,16.0,16.0,0.3199912831187248,0.09351459890604019,0.4266972839832306,0.032007597386837006,0.7277456521987915,2.403392591077136e-05,2.2027865270501934e-05,2.2319130948744714e-05,1.636644265090581e-05,3.5422264772932976e-05,0.00134326458335939
401,in_domain,probabilistic_gru_mean_scenario_without_uncertainty_conditioning_max_min_payload_primal_dual_unfolding,in-domain-test-00002,23,0.2810736894607544,170044416.0,0,0.34114572405815125,0.0,16.0,16.0,16.0,16.0,16.0,16.0,16.0,0.2999851554632187,0.07834525406360626,0.4172927141189575,0.034817084670066833,0.6694855690002441,2.281208708154736e-05,2.363903695368208e-05,2.015248355746735e-05,1.6708536350051872e-05,3.074829146498814e-05,0.00134326458335939
401,in_domain,probabilistic_gru_mean_scenario_without_uncertainty_conditioning_max_min_payload_primal_dual_unfolding,in-domain-test-00002,24,0.27119216322898865,174559600.0,0,0.3196336328983307,1.1920928955078125e-07,16.0,16.0,16.0,16.0,16.0,16.0,16.0,0.3174448776990175,0.07245639711618423,0.45509928464889526,0.034065037965774536,0.7081587910652161,2.3848258024372626e-05,2.4710130674066022e-05,2.2061445633880794e-05,1.7510014004074037e-05,3.111144178546965e-05,0.00134326458335939
401,in_domain,probabilistic_gru_mean_scenario_without_uncertainty_conditioning_max_min_payload_primal_dual_unfolding,in-domain-test-00002,25,0.2588408589363098,198683680.0,0,0.374925434589386,0.0,16.0,16.0,16.0,16.0,16.0,16.0,16.0,0.3092906242236495,0.09204863011837006,0.4348868429660797,0.03009248897433281,0.6801345348358154,2.4219458282459527e-05,2.4042717996053398e-05,1.8932816601591185e-05,1.6999310901155695e-05,3.690298763103783e-05,0.00134326458335939
401,in_domain,probabilistic_gru_mean_scenario_without_uncertainty_conditioning_max_min_payload_primal_dual_unfolding,in-domain-test-00002,26,0.2696191072463989,169860288.0,0,0.3501690924167633,0.0,16.0,16.0,16.0,16.0,16.0,16.0,16.0,0.2936054803431034,0.09796710312366486,0.42250990867614746,0.0281028151512146,0.6258420944213867,2.5029931293829577e-05,2.197650792368222e-05,2.2919575712876394e-05,1.6730558854760602e-05,3.849308268399909e-05,0.00134326458335939
401,in_domain,probabilistic_gru_mean_scenario_without_uncertainty_conditioning_max_min_payload_primal_dual_unfolding,in-domain-test-00002,27,0.2515902817249298,154600656.0,0,0.3187722861766815,0.0,16.0,16.0,16.0,16.0,16.0,16.0,16.0,0.2701909621246159,0.083109550178051,0.39663583040237427,0.030187049880623817,0.5708314180374146,2.420507507849834e-05,1.912986954266671e-05,2.4954193577286787e-05,1.6488500477862544e-05,3.6247736716177315e-05,0.00134326458335939
401,in_domain,probabilistic_gru_mean_scenario_without_uncertainty_conditioning_max_min_payload_primal_dual_unfolding,in-domain-test-00002,28,0.2673250138759613,151691840.0,0,0.3193120062351227,0.0,16.0,16.0,16.0,16.0,16.0,16.0,16.0,0.2643508370965719,0.08603842556476593,0.3941505253314972,0.03405747562646866,0.5431569218635559,2.163711405955837e-05,1.7574209778103977e-05,2.0301444237702526e-05,1.597360460436903e-05,3.269919761805795e-05,0.00134326458335939
401,in_domain,probabilistic_gru_mean_scenario_without_uncertainty_conditioning_max_min_payload_primal_dual_unfolding,in-domain-test-00002,29,0.25062277913093567,179110368.0,0,0.35760509967803955,0.0,16.0,16.0,16.0,16.0,16.0,16.0,16.0,0.2817225311882794,0.0941726490855217,0.41909724473953247,0.03062422014772892,0.5829960107803345,2.033471309914603e-05,1.7990747437579557e-05,1.991929457290098e-05,1.5597124729538336e-05,2.783168565656524e-05,0.00134326458335939
401,in_domain,probabilistic_gru_mean_scenario_without_uncertainty_conditioning_max_min_payload_primal_dual_unfolding,in-domain-test-00002,30,0.25667330622673035,170805728.0,0,0.3177359998226166,0.0,16.0,16.0,16.0,16.0,16.0,16.0,16.0,0.27933126920834184,0.08649052679538727,0.3619098365306854,0.028597259894013405,0.6403274536132812,1.9618940314103384e-05,1.6193243936868384e-05,2.1025893147452734e-05,1.5467287084902637e-05,2.578933708718978e-05,0.00134326458335939
401,in_domain,probabilistic_gru_mean_scenario_without_uncertainty_conditioning_max_min_payload_primal_dual_unfolding,in-domain-test-00002,31,0.2654668390750885,177404096.0,0,0.36688628792762756,0.0,16.0,16.0,16.0,16.0,16.0,16.0,16.0,0.26576090045273304,0.08099862933158875,0.33548468351364136,0.0338461771607399,0.6127141118049622,2.0973251139366766e-05,1.6553218301851302e-05,1.990002056118101e-05,1.5747244106023572e-05,3.169252158841118e-05,0.00134326458335939
401,in_domain,probabilistic_gru_mean_scenario_without_uncertainty_conditioning_max_min_payload_primal_dual_unfolding,in-domain-test-00002,32,0.2732884883880615,176017216.0,0,0.3562523126602173,0.0,16.0,16.0,16.0,16.0,16.0,16.0,16.0,0.2852195668965578,0.0764455795288086,0.38344186544418335,0.03704393655061722,0.6439468860626221,2.1804765310662333e-05,1.6393260011682287e-05,2.3010556105873547e-05,1.556474126118701e-05,3.225050386390649e-05,0.00134326458335939
401,in_domain,probabilistic_gru_mean_scenario_without_uncertainty_conditioning_max_min_payload_primal_dual_unfolding,in-domain-test-00002,33,0.2468155473470688,171727488.0,0,0.3422766327857971,0.0,16.0,16.0,16.0,16.0,16.0,16.0,16.0,0.3067605597898364,0.08976927399635315,0.47344034910202026,0.037312399595975876,0.6265202164649963,2.3208770016935887e-05,1.608914135431405e-05,2.5671266485005617e-05,1.6147481801453978e-05,3.49271904269699e-05,0.00134326458335939
401,in_domain,probabilistic_gru_mean_scenario_without_uncertainty_conditioning_max_min_payload_primal_dual_unfolding,in-domain-test-00002,34,0.2930894196033478,160194688.0,0,0.30355823040008545,1.1920928955078125e-07,16.0,16.0,16.0,16.0,16.0,16.0,16.0,0.2889075707644224,0.10382525622844696,0.47677987813949585,0.038048155605793,0.5369769930839539,2.1232770677670487e-05,1.4495269169856329e-05,2.479723480064422e-05,1.6496236639795825e-05,2.9142342100385576e-05,0.00134326458335939
401,in_domain,probabilistic_gru_mean_scenario_without_uncertainty_conditioning_max_min_payload_primal_dual_unfolding,in-domain-test-00002,35,0.27221331000328064,154675488.0,0,0.30118319392204285,0.0,16.0,16.0,16.0,16.0,16.0,16.0,16.0,0.2896233480423689,0.10092869400978088,0.40149176120758057,0.03365131467580795,0.6224216222763062,2.235536703665275e-05,1.6109970601974055e-05,2.437566035951022e-05,1.6085474271676503e-05,3.2850362913450226e-05,0.00134326458335939
401,in_domain,probabilistic_gru_mean_scenario_without_uncertainty_conditioning_max_min_payload_primal_dual_unfolding,in-domain-test-00002,36,0.2772296369075775,159233280.0,0,0.3122730553150177,0.0,16.0,16.0,16.0,16.0,16.0,16.0,16.0,0.3098369836807251,0.1059723049402237,0.43965864181518555,0.0273849219083786,0.6663320660591125,2.219199950559414e-05,1.829236134653911e-05,2.66570714302361e-05,1.4481844118563458e-05,2.933672112703789e-05,0.00134326458335939
401,in_domain,probabilistic_gru_mean_scenario_without_uncertainty_conditioning_max_min_payload_primal_dual_unfolding,in-domain-test-00002,37,0.2611154019832611,169775488.0,0,0.3311988413333893,1.1920928955078125e-07,16.0,16.0,16.0,16.0,16.0,16.0,16.0,0.3047357900068164,0.10262595117092133,0.46570920944213867,0.02997886762022972,0.6206291317939758,2.0749783288920298e-05,1.6380296074203216e-05,2.5507917598588392e-05,1.4189910871209577e-05,2.692100861168001e-05,0.00134326458335939
401,in_domain,probabilistic_gru_mean_scenario_without_uncertainty_conditioning_max_min_payload_primal_dual_unfolding,in-domain-test-00002,38,0.24450482428073883,171831840.0,0,0.34846287965774536,0.0,16.0,16.0,16.0,16.0,16.0,16.0,16.0,0.2849583327770233,0.0947447270154953,0.4097902178764343,0.0374196320772171,0.5978787541389465,2.2376222887032782e-05,2.0495825083344243e-05,2.3121641788748093e-05,1.4296882909548003e-05,3.159054176649079e-05,0.00134326458335939
401,in_domain,probabilistic_gru_mean_scenario_without_uncertainty_conditioning_max_min_payload_primal_dual_unfolding,in-domain-test-00002,39,0.2915610373020172,158037184.0,0,0.3108818531036377,0.0,16.0,16.0,16.0,16.0,16.0,16.0,16.0,0.26115638948976994,0.08762107789516449,0.41663628816604614,0.03659152239561081,0.5037766695022583,2.353146373934578e-05,2.15634372580098e-05,2.2890719264978543e-05,1.433706893294584e-05,3.5334629501448944e-05,0.00134326458335939
401,in_domain,probabilistic_gru_mean_scenario_without_uncertainty_conditioning_max_min_payload_primal_dual_unfolding,in-domain-test-00002,40,0.25783294439315796,169619376.0,0,0.3535032868385315,0.0,16.0,16.0,16.0,16.0,16.0,16.0,16.0,0.2916832761839032,0.08268621563911438,0.5099430084228516,0.033197272568941116,0.5409066081047058,2.1645818605975364e-05,1.912308653118089e-05,2.377926284680143e-05,1.3672542081621941e-05,3.0008382964297198e-05,0.00134326458335939
401,in_domain,probabilistic_gru_mean_scenario_without_uncertainty_conditioning_max_min_payload_primal_dual_unfolding,in-domain-test-00002,41,0.2411949634552002,185176704.0,0,0.34551018476486206,2.384185791015625e-07,16.0,16.0,16.0,16.0,16.0,16.0,16.0,0.2990383915603161,0.1077243983745575,0.4983181953430176,0.034369900822639465,0.5557410717010498,2.2251658947425312e-05,1.989890370168723e-05,2.4770699383225292e-05,1.353638344880892e-05,3.0800649255979806e-05,0.00134326458335939
401,in_domain,probabilistic_gru_mean_scenario_without_uncertainty_conditioning_max_min_payload_primal_dual_unfolding,in-domain-test-00002,42,0.2705260217189789,177959648.0,0,0.3094772398471832,0.0,16.0,16.0,16.0,16.0,16.0,16.0,16.0,0.26155909709632397,0.13083836436271667,0.3913930058479309,0.03365664929151535,0.49034836888313293,2.2333083052217262e-05,2.2401696696761064e-05,2.3091859475243837e-05,1.3617598597193137e-05,3.022117743967101e-05,0.00134326458335939
401,in_domain,probabilistic_gru_mean_scenario_without_uncertainty_conditioning_max_min_payload_primal_dual_unfolding,in-domain-test-00002,43,0.296089231967926,146271824.0,0,0.3054993152618408,0.0,16.0,16.0,16.0,16.0,16.0,16.0,16.0,0.27286782674491405,0.1378490924835205,0.36551782488822937,0.033150993287563324,0.554953396320343,2.2432155446949764e-05,2.070475966320373e-05,2.4377790396101773e-05,1.4011696293891873e-05,3.063437543460168e-05,0.00134326458335939
401,in_domain,probabilistic_gru_mean_scenario_without_uncertainty_conditioning_max_min_payload_primal_dual_unfolding,in-domain-test-00002,44,0.2848341464996338,169183008.0,0,0.33265021443367004,0.0,16.0,16.0,16.0,16.0,16.0,16.0,16.0,0.3027821034193039,0.14103877544403076,0.3891226053237915,0.03281259536743164,0.6481544375419617,2.3340404595728614e-05,2.4316073904628865e-05,2.7696150937117636e-05,1.3790414413961116e-05,2.755897912720684e-05,0.00134326458335939
401,in_domain,probabilistic_gru_mean_scenario_without_uncertainty_conditioning_max_min_payload_primal_dual_unfolding,in-domain-test-00002,45,0.27279847860336304,143861856.0,0,0.280534565448761,0.0,16.0,16.0,16.0,16.0,16.0,16.0,16.0,0.30223880149424076,0.1121649444103241,0.42976826429367065,0.03143704682588577,0.6355849504470825,2.197232151956996e-05,2.2406200514524244e-05,2.8833974283770658e-05,1.1648895451799035e-05,2.50002158281859e-05,0.00134326458335939
401,in_domain,probabilistic_gru_mean_scenario_without_uncertainty_conditioning_max_min_payload_primal_dual_unfolding,in-domain-test-00002,46,0.26581650972366333,145847424.0,0,0.3093836307525635,0.0,16.0,16.0,16.0,16.0,16.0,16.0,16.0,0.3105014991015196,0.09129136800765991,0.45064646005630493,0.033803634345531464,0.666264533996582,2.183697915825178e-05,2.3129716282710433e-05,2.7135969503433444e-05,1.0417650628369302e-05,2.666458021849394e-05,0.00134326458335939
401,in_domain,probabilistic_gru_mean_scenario_without_uncertainty_conditioning_max_min_payload_primal_dual_unfolding,in-domain-test-00002,47,0.29501765966415405,151328960.0,0,0.32405248284339905,0.0,16.0,16.0,16.0,16.0,16.0,16.0,16.0,0.33528609946370125,0.08586622029542923,0.4663810133934021,0.043674059212207794,0.7452231049537659,2.347449617445818e-05,2.314043194928672e-05,2.6045854610856622e-05,1.0086856491398066e-05,3.4624841646291316e-05,0.00134326458335939
401,in_domain,probabilistic_gru_mean_scenario_without_uncertainty_conditioning_max_min_payload_primal_dual_unfolding,in-domain-test-00002,48,0.24707266688346863,182232272.0,0,0.3447250723838806,0.0,16.0,16.0,16.0,16.0,16.0,16.0,16.0,0.34017462842166424,0.08752081543207169,0.5133052468299866,0.04080672562122345,0.7190657258033752,2.4709921490284614e-05,2.364394640608225e-05,2.7434109142632224e-05,9.599541954230517e-06,3.8162088458193466e-05,0.00134326458335939
401,in_domain,probabilistic_gru_mean_scenario_without_uncertainty_conditioning_max_min_payload_primal_dual_unfolding,in-domain-test-00002,49,0.2644173800945282,184488736.0,0,0.3402865529060364,0.0,16.0,16.0,16.0,16.0,16.0,16.0,16.0,0.3083512531593442,0.08683210611343384,0.47846218943595886,0.03441904857754707,0.633691668510437,2.269575134050683e-05,2.281230263179168e-05,2.3952537958393805e-05,9.908497304422781e-06,3.410966746741906e-05,0.00134326458335939
401,in_domain,probabilistic_gru_mean_scenario_without_uncertainty_conditioning_max_min_payload_primal_dual_unfolding,in-domain-test-00002,50,0.26129022240638733,174234176.0,0,0.3591465353965759,0.0,16.0,16.0,16.0,16.0,16.0,16.0,16.0,0.28800417110323906,0.08384667336940765,0.43963056802749634,0.033227503299713135,0.5953119397163391,2.2860321223561186e-05,2.2807940695201978e-05,2.2605287085752934e-05,1.0375053534517065e-05,3.565300357877277e-05,0.00134326458335939
401,in_domain,probabilistic_gru_mean_scenario_without_uncertainty_conditioning_max_min_payload_primal_dual_unfolding,in-domain-test-00003,3,0.8000938296318054,160851504.0,0,0.25327515602111816,0.0,16.0,16.0,16.0,16.0,16.0,16.0,16.0,1.2372030913829803,1.0149227380752563,1.3511041402816772,1.4607181549072266,1.1220673322677612,3.8179842704266775e-05,3.314426066935994e-05,4.030315176350996e-05,4.286489638616331e-05,3.6407061998033896e-05,0.0016811874999878758
401,in_domain,probabilistic_gru_mean_scenario_without_uncertainty_conditioning_max_min_payload_primal_dual_unfolding,in-domain-test-00003,4,0.8757996559143066,159013168.0,0,0.29063281416893005,0.0,16.0,16.0,16.0,16.0,16.0,16.0,16.0,1.1722696423530579,0.9178013801574707,1.3512215614318848,1.4339981079101562,0.9860575199127197,3.9737901715852786e-05,3.1951803975971416e-05,4.101323793292977e-05,4.6677221689606085e-05,3.930934326490387e-05,0.0016811874999878758
401,in_domain,probabilistic_gru_mean_scenario_without_uncertainty_conditioning_max_min_payload_primal_dual_unfolding,in-domain-test-00003,5,0.8238586783409119,173451280.0,0,0.2940092384815216,0.0,16.0,16.0,16.0,16.0,16.0,16.0,16.0,1.1924090385437012,1.048843502998352,1.4601762294769287,1.303040623664856,0.957575798034668,3.7342314499255735e-05,3.0025104933883995e-05,3.575289520085789e-05,4.490583160077222e-05,3.868542626150884e-05,0.0016811874999878758
401,in_domain,probabilistic_gru_mean_scenario_without_uncertainty_conditioning_max_min_payload_primal_dual_unfolding,in-domain-test-00003,6,0.9962509274482727,142318560.0,0,0.27375054359436035,1.1920928955078125e-07,16.0,16.0,16.0,16.0,16.0,16.0,16.0,1.1668261289596558,0.9741485118865967,1.3039584159851074,1.2968504428863525,1.0923471450805664,3.8420419059548294e-05,2.9108041417202912e-05,4.387606531963684e-05,4.2851130274357274e-05,3.7846439226996154e-05,0.0016811874999878758
401,in_domain,probabilistic_gru_mean_scenario_without_uncertainty_conditioning_max_min_payload_primal_dual_unfolding,in-domain-test-00003,7,0.7965028285980225,174859104.0,0,0.343201607465744,0.0,16.0,16.0,16.0,16.0,16.0,16.0,16.0,1.2400982677936554,0.9694808721542358,1.3795297145843506,1.399094820022583,1.2122876644134521,3.9663210372964386e-05,3.668979843496345e-05,4.181889380561188e-05,4.170641113887541e-05,3.8437738112406805e-05,0.0016811874999878758
401,in_domain,probabilistic_gru_mean_scenario_without_uncertainty_conditioning_max_min_payload_primal_dual_unfolding,in-domain-test-00003,8,0.9115350246429443,142888272.0,0,0.3132563531398773,1.1920928955078125e-07,16.0,16.0,16.0,16.0,16.0,16.0,16.0,1.2174287736415863,1.0107002258300781,1.3715589046478271,1.404545545578003,1.082910418510437,3.726631075551268e-05,3.4958131436724216e-05,3.594607915147208e-05,4.328029172029346e-05,3.4880740713560954e-05,0.0016811874999878758
401,in_domain,probabilistic_gru_mean_scenario_without_uncertainty_conditioning_max_min_payload_primal_dual_unfolding,in-domain-test-00003,9,0.9045320749282837,185166784.0,0,0.34190717339515686,0.0,16.0,16.0,16.0,16.0,16.0,16.0,16.0,1.1701212227344513,0.9390743970870972,1.3749613761901855,1.2759571075439453,1.0904920101165771,3.851691690215375e-05,3.2842832297319546e-05,3.424376336624846e-05,4.835919389734045e-05,3.862187804770656e-05,0.0016811874999878758
401,in_domain,probabilistic_gru_mean_scenario_without_uncertainty_conditioning_max_min_payload_primal_dual_unfolding,in-domain-test-00003,10,0.8520066142082214,167333984.0,0,0.3172546327114105,1.1920928955078125e-07,16.0,16.0,16.0,16.0,16.0,16.0,16.0,1.2345285415649414,1.0182615518569946,1.3832120895385742,1.4019770622253418,1.134663462638855,3.674735489767045e-05,3.2297153666149825e-05,3.424544047447853e-05,4.3766336602857336e-05,3.66804888471961e-05,0.0016811874999878758
401,in_domain,probabilistic_gru_mean_scenario_without_uncertainty_conditioning_max_min_payload_primal_dual_unfolding,in-domain-test-00003,11,0.8755067586898804,168480224.0,0,0.34389933943748474,0.0,16.0,16.0,16.0,16.0,16.0,16.0,16.0,1.200384259223938,1.0457912683486938,1.3013068437576294,1.424149751663208,1.0302891731262207,4.3548781832214445e-05,3.284279227955267e-05,4.438332325662486e-05,5.329857231117785e-05,4.36704394815024e-05,0.0016811874999878758
401,in_domain,probabilistic_gru_mean_scenario_without_uncertainty_conditioning_max_min_payload_primal_dual_unfolding,in-domain-test-00003,12,0.857661783695221,163980416.0,0,0.3174510598182678,0.0,16.0,16.0,16.0,16.0,16.0,16.0,16.0,1.1988296061754227,0.9825436472892761,1.4926154613494873,1.356440782546997,0.9637185335159302,3.816809385170927e-05,3.1861916795605794e-05,3.680200097733177e-05,4.471890861168504e-05,3.928954902221449e-05,0.0016811874999878758
401,in_domain,probabilistic_gru_mean_scenario_without_uncertainty_conditioning_max_min_payload_primal_dual_unfolding,in-domain-test-00003,13,0.8933723568916321,150235072.0,0,0.2898012101650238,0.0,16.0,16.0,16.0,16.0,16.0,16.0,16.0,1.1912581324577332,1.0433075428009033,1.4699547290802002,1.3204686641693115,0.9313015937805176,3.95222996303346e-05,3.6622768675442785e-05,4.0654220356373116e-05,4.3974101572530344e-05,3.683810791699216e-05,0.0016811874999878758
401,in_domain,probabilistic_gru_mean_scenario_without_uncertainty_conditioning_max_min_payload_primal_dual_unfolding,in-domain-test-00003,14,0.8473469614982605,150159312.0,0,0.24543637037277222,0.0,16.0,16.0,16.0,16.0,16.0,16.0,16.0,1.2099807560443878,1.0127378702163696,1.3720693588256836,1.3258646726608276,1.1292511224746704,4.046369122079341e-05,3.6723478842759505e-05,3.573941285139881e-05,4.839301254833117e-05,4.099886064068414e-05,0.0016811874999878758
401,in_domain,probabilistic_gru_mean_scenario_without_uncertainty_conditioning_max_min_payload_primal_dual_unfolding,in-domain-test-00003,15,0.8830528259277344,169914288.0,0,0.3349928855895996,0.0,16.0,16.0,16.0,16.0,16.0,16.0,16.0,1.2006926387548447,0.8492762446403503,1.4147822856903076,1.2293727397918701,1.3093392848968506,3.913300679414533e-05,3.9307364204432815e-05,3.588313120417297e-05,4.1427018004469573e-05,3.9914513763505965e-05,0.0016811874999878758
401,in_domain,probabilistic_gru_mean_scenario_without_uncertainty_conditioning_max_min_payload_primal_dual_unfolding,in-domain-test-00003,16,0.8844002485275269,170778688.0,0,0.3328002691268921,0.0,16.0,16.0,16.0,16.0,16.0,16.0,16.0,1.1908862590789795,0.89849853515625,1.3659398555755615,1.162292242050171,1.3368144035339355,3.898741306329612e-05,3.449558062129654e-05,3.251408998039551e-05,4.330735100666061e-05,4.5632630644831806e-05,0.0016811874999878758
401,in_domain,probabilistic_gru_mean_scenario_without_uncertainty_conditioning_max_min_payload_primal_dual_unfolding,in-domain-test-00003,17,0.8262506127357483,187797072.0,0,0.3537318706512451,0.0,16.0,16.0,16.0,16.0,16.0,16.0,16.0,1.234729290008545,0.9635752439498901,1.4812791347503662,1.2605589628219604,1.233503818511963,4.191863627056591e-05,3.621526047936641e-05,4.3964442738797516e-05,4.754637848236598e-05,3.9948463381733745e-05,0.0016811874999878758
401,in_domain,probabilistic_gru_mean_scenario_without_uncertainty_conditioning_max_min_payload_primal_dual_unfolding,in-domain-test-00003,18,0.7977724671363831,181883840.0,0,0.35928624868392944,1.1920928955078125e-07,16.0,16.0,16.0,16.0,16.0,16.0,16.0,1.2029569298028946,0.9305807948112488,1.4077692031860352,1.3650792837142944,1.1083984375,4.13031957577914e-05,3.6931854992872104e-05,4.4168053136672825e-05,4.7510584408883005e-05,3.6602290492737666e-05,0.0016811874999878758
401,in_domain,probabilistic_gru_mean_scenario_without_uncertainty_conditioning_max_min_payload_primal_dual_unfolding,in-domain-test-00003,19,0.8937401175498962,134916944.0,0,0.23530423641204834,0.0,16.0,16.0,16.0,16.0,16.0,16.0,16.0,1.1324398070573807,0.8178409934043884,1.1918776035308838,1.4086368083953857,1.1114038228988647,3.913802720489912e-05,3.5733690310735255e-05,3.973097409470938e-05,4.267686017556116e-05,3.841058423859067e-05,0.0016811874999878758
401,in_domain,probabilistic_gru_mean_scenario_without_uncertainty_conditioning_max_min_payload_primal_dual_unfolding,in-domain-test-00003,20,0.9043190479278564,167447952.0,0,0.3344835340976715,0.0,16.0,16.0,16.0,16.0,16.0,16.0,16.0,1.148404836654663,0.7503867149353027,1.2952489852905273,1.3508121967315674,1.1971714496612549,3.7588702980428934e-05,3.6928628105670214e-05,3.731073229573667e-05,3.875392576446757e-05,3.7361525755841285e-05,0.0016811874999878758
401,in_domain,probabilistic_gru_mean_scenario_without_uncertainty_conditioning_max_min_payload_primal_dual_unfolding,in-domain-test-00003,21,0.8729943037033081,186902304.0,0,0.3010837435722351,1.1920928955078125e-07,16.0,16.0,16.0,16.0,16.0,16.0,16.0,1.2091521620750427,0.8370361328125,1.408650279045105,1.3802062273025513,1.2107160091400146,4.0091012124321423e-05,3.527153603499755e-05,4.1734263504622504e-05,4.583361078402959e-05,3.752463817363605e-05,0.0016811874999878758
401,in_domain,probabilistic_gru_mean_scenario_without_uncertainty_conditioning_max_min_payload_primal_dual_unfolding,in-domain-test-00003,22,1.00343656539917,130640768.0,0,0.2738390862941742,1.1920928955078125e-07,16.0,16.0,16.0,16.0,16.0,16.0,16.0,1.1911839246749878,0.9496252536773682,1.3689762353897095,1.3710527420043945,1.075081467628479,3.734581696335226e-05,3.311094405944459e-05,3.9798043871996924e-05,4.4808639358961955e-05,3.166564056300558e-05,0.0016811874999878758
401,in_domain,probabilistic_gru_mean_scenario_without_uncertainty_conditioning_max_min_payload_primal_dual_unfolding,in-domain-test-00003,23,0.8628731369972229,158618720.0,0,0.30351853370666504,0.0,16.0,16.0,16.0,16.0,16.0,16.0,16.0,1.270672857761383,1.0957355499267578,1.3201231956481934,1.4824390411376953,1.1843936443328857,3.957776971219573e-05,3.661982191260904e-05,3.813267176155932e-05,4.264792733010836e-05,4.0910657844506204e-05,0.0016811874999878758
401,in_domain,probabilistic_gru_mean_scenario_without_uncertainty_conditioning_max_min_payload_primal_dual_unfolding,in-domain-test-00003,24,0.9053738713264465,156939248.0,0,0.29402679204940796,0.0,16.0,16.0,16.0,16.0,16.0,16.0,16.0,1.272837072610855,1.131483554840088,1.2283565998077393,1.4364644289016724,1.295043706893921,4.0237933717435226e-05,3.6060202546650544e-05,3.8591362681472674e-05,4.1593299101805314e-05,4.470687053981237e-05,0.0016811874999878758
401,in_domain,probabilistic_gru_mean_scenario_without_uncertainty_conditioning_max_min_payload_primal_dual_unfolding,in-domain-test-00003,25,0.9058611989021301,170446096.0,0,0.2841934859752655,0.0,16.0,16.0,16.0,16.0,16.0,16.0,16.0,1.1778464913368225,1.1039087772369385,1.2445650100708008,1.304187536239624,1.0587246417999268,3.9305558857449796e-05,3.450642543612048e-05,4.050758798257448e-05,4.1969080484705046e-05,4.023914152639918e-05,0.0016811874999878758
401,in_domain,probabilistic_gru_mean_scenario_without_uncertainty_conditioning_max_min_payload_primal_dual_unfolding,in-domain-test-00003,26,0.8572940230369568,170482656.0,0,0.2827468514442444,0.0,16.0,16.0,16.0,16.0,16.0,16.0,16.0,1.232381910085678,0.968146800994873,1.4379124641418457,1.4205045700073242,1.1029638051986694,3.8873698031238746e-05,3.8222082366701216e-05,4.046893445774913e-05,3.3279386116191745e-05,4.3524389184312895e-05,0.0016811874999878758
401,in_domain,probabilistic_gru_mean_scenario_without_uncertainty_conditioning_max_min_payload_primal_dual_unfolding,in-domain-test-00003,27,0.8102685809135437,180129424.0,0,0.3456854820251465,0.0,16.0,16.0,16.0,16.0,16.0,16.0,16.0,1.2363480031490326,0.9883642196655273,1.413170576095581,1.3625484704971313,1.1813087463378906,4.066510882694274e-05,3.62761493306607e-05,4.582625115290284e-05,3.822486905846745e-05,4.233316576573998e-05,0.0016811874999878758
401,in_domain,probabilistic_gru_mean_scenario_without_uncertainty_conditioning_max_min_payload_primal_dual_unfolding,in-domain-test-00003,28,0.8490242958068848,168214064.0,0,0.31296154856681824,0.0,16.0,16.0,16.0,16.0,16.0,16.0,16.0,1.1848322749137878,1.0666565895080566,1.3237833976745605,1.3086192607879639,1.0402698516845703,4.326138696342241e-05,3.822220605798066e-05,4.672431168728508e-05,4.715301838587038e-05,4.094601172255352e-05,0.0016811874999878758
401,in_domain,probabilistic_gru_mean_scenario_without_uncertainty_conditioning_max_min_payload_primal_dual_unfolding,in-domain-test-00003,29,0.784235417842865,193169616.0,0,0.33664560317993164,0.0,16.0,16.0,16.0,16.0,16.0,16.0,16.0,1.181463897228241,0.9654990434646606,1.4041285514831543,1.2844866514205933,1.0717413425445557,4.050806455779821e-05,3.598581679398194e-05,4.1713774407980964e-05,4.9834194214781746e-05,3.449847281444818e-05,0.0016811874999878758
401,in_domain,probabilistic_gru_mean_scenario_without_uncertainty_conditioning_max_min_payload_primal_dual_unfolding,in-domain-test-00003,30,0.9959176182746887,143004096.0,0,0.2308761030435562,0.0,16.0,16.0,16.0,16.0,16.0,16.0,16.0,1.1458529978990555,0.9553439021110535,1.3851902484893799,1.1814392805099487,1.0614385604858398,3.966472013416933e-05,4.028327748528682e-05,3.535454743541777e-05,4.307114795665257e-05,3.994990765932016e-05,0.0016811874999878758
401,in_domain,probabilistic_gru_mean_scenario_without_uncertainty_conditioning_max_min_payload_primal_dual_unfolding,in-domain-test-00003,31,1.0273557901382446,135605744.0,0,0.2758655846118927,0.0,16.0,16.0,16.0,16.0,16.0,16.0,16.0,1.2441840171813965,1.179262638092041,1.3486642837524414,1.1628868579864502,1.2859222888946533,4.137319774599746e-05,4.192726919427514e-05,3.797847966779955e-05,3.984060094808228e-05,4.5746441173832864e-05,0.0016811874999878758
401,in_domain,probabilistic_gru_mean_scenario_without_uncertainty_conditioning_max_min_payload_primal_dual_unfolding,in-domain-test-00003,32,0.8758445382118225,168842192.0,0,0.27801141142845154,0.0,16.0,16.0,16.0,16.0,16.0,16.0,16.0,1.4016719460487366,1.2462286949157715,1.4909412860870361,1.4617054462432861,1.4078123569488525,4.223728046781616e-05,3.918438233085908e-05,4.036123937112279e-05,4.1192433855030686e-05,4.8211066314252093e-05,0.0016811874999878758
401,in_domain,probabilistic_gru_mean_scenario_without_uncertainty_conditioning_max_min_payload_primal_dual_unfolding,in-domain-test-00003,33,0.9638333916664124,159410944.0,0,0.2358822524547577,0.0,16.0,16.0,16.0,16.0,16.0,16.0,16.0,1.2812815755605698,0.9951446652412415,1.4070701599121094,1.4984526634216309,1.2244588136672974,4.181439908279572e-05,3.570342596503906e-05,4.417162563186139e-05,4.8069898184621707e-05,3.931264654966071e-05,0.0016811874999878758
401,in_domain,probabilistic_gru_mean_scenario_without_uncertainty_conditioning_max_min_payload_primal_dual_unfolding,in-domain-test-00003,34,0.8962573409080505,163393296.0,0,0.3138570487499237,0.0,16.0,16.0,16.0,16.0,16.0,16.0,16.0,1.2514888942241669,0.9557021856307983,1.4515736103057861,1.4472463130950928,1.1514334678649902,4.035632719023852e-05,3.676012056530453e-05,3.9915565139381215e-05,4.8823530960362405e-05,3.5926092095905915e-05,0.0016811874999878758
401,in_domain,probabilistic_gru_mean_scenario_without_uncertainty_conditioning_max_min_payload_primal_dual_unfolding,in-domain-test-00003,35,0.910688042640686,174778352.0,0,0.3019680976867676,1.1920928955078125e-07,16.0,16.0,16.0,16.0,16.0,16.0,16.0,1.3058259785175323,1.0347716808319092,1.5938116312026978,1.517533540725708,1.0771870613098145,3.8775013308622874e-05,3.305999416625127e-05,4.3458352593006566e-05,4.028157127322629e-05,3.830013520200737e-05,0.0016811874999878758
401,in_domain,probabilistic_gru_mean_scenario_without_uncertainty_conditioning_max_min_payload_primal_dual_unfolding,in-domain-test-00003,36,0.982889711856842,123515600.0,0,0.2382955253124237,1.1920928955078125e-07,16.0,16.0,16.0,16.0,16.0,16.0,16.0,1.2369950413703918,0.9687520265579224,1.4647862911224365,1.347495436668396,1.1669464111328125,4.155116494075628e-05,3.274696064181626e-05,4.1843068174785e-05,4.998820077162236e-05,4.16264301748015e-05,0.0016811874999878758
401,in_domain,probabilistic_gru_mean_scenario_without_uncertainty_conditioning_max_min_payload_primal_dual_unfolding,in-domain-test-00003,37,0.9473171830177307,162483680.0,0,0.33935925364494324,2.384185791015625e-07,16.0,16.0,16.0,16.0,16.0,16.0,16.0,1.2855112254619598,0.9295077323913574,1.600332498550415,1.391219973564148,1.220984697341919,4.218052163196262e-05,3.076287612202577e-05,4.74694898002781e-05,4.584636553772725e-05,4.464335506781936e-05,0.0016811874999878758
401,in_domain,probabilistic_gru_mean_scenario_without_uncertainty_conditioning_max_min_payload_primal_dual_unfolding,in-domain-test-00003,38,0.9839072823524475,172156640.0,0,0.3309341371059418,2.384185791015625e-07,16.0,16.0,16.0,16.0,16.0,16.0,16.0,1.3071268796920776,0.9429163932800293,1.6609584093093872,1.4522346258163452,1.1723980903625488,3.959342166126589e-05,2.7192372726858594e-05,4.225129305268638e-05,5.205052366363816e-05,3.687949720188044e-05,0.0016811874999878758
401,in_domain,probabilistic_gru_mean_scenario_without_uncertainty_conditioning_max_min_payload_primal_dual_unfolding,in-domain-test-00003,39,0.8324925303459167,145576736.0,0,0.29277652502059937,0.0,16.0,16.0,16.0,16.0,16.0,16.0,16.0,1.2909437119960785,0.9113441705703735,1.5262789726257324,1.5300099849700928,1.1961417198181152,3.82496978090785e-05,2.7711454094969667e-05,4.696856194641441e-05,4.0620936488267034e-05,3.769783870666288e-05,0.0016811874999878758
401,in_domain,probabilistic_gru_mean_scenario_without_uncertainty_conditioning_max_min_payload_primal_dual_unfolding,in-domain-test-00003,40,0.8677965402603149,163550608.0,0,0.2980676293373108,0.0,16.0,16.0,16.0,16.0,16.0,16.0,16.0,1.2363657653331757,0.9123309850692749,1.4652445316314697,1.4345389604568481,1.1333485841751099,3.732819459401071e-05,3.1646610295865685e-05,4.339993029134348e-05,3.7180307117523625e-05,3.708593067131005e-05,0.0016811874999878758
401,in_domain,probabilistic_gru_mean_scenario_without_uncertainty_conditioning_max_min_payload_primal_dual_unfolding,in-domain-test-00003,41,0.8269217014312744,179404064.0,0,0.3156067132949829,1.1920928955078125e-07,16.0,16.0,16.0,16.0,16.0,16.0,16.0,1.183205008506775,1.117309331893921,1.3551123142242432,1.21820068359375,1.0421977043151855,3.782439398491988e-05,3.370911508682184e-05,3.496637873467989e-05,4.461500429897569e-05,3.8007077819202095e-05,0.0016811874999878758
401,in_domain,probabilistic_gru_mean_scenario_without_uncertainty_conditioning_max_min_payload_primal_dual_unfolding,in-domain-test-00003,42,0.8988122344017029,167600432.0,0,0.2820889949798584,0.0,16.0,16.0,16.0,16.0,16.0,16.0,16.0,1.1923201084136963,1.1257109642028809,1.3747707605361938,1.2004073858261108,1.0683913230895996,4.101338618056616e-05,3.262956306571141e-05,4.22805969719775e-05,4.894860103377141e-05,4.019478365080431e-05,0.0016811874999878758
401,in_domain,probabilistic_gru_mean_scenario_without_uncertainty_conditioning_max_min_payload_primal_dual_unfolding,in-domain-test-00003,43,0.8848026990890503,161745056.0,0,0.26363345980644226,0.0,16.0,16.0,16.0,16.0,16.0,16.0,16.0,1.2044524848461151,1.121185302734375,1.3688311576843262,1.2444299459457397,1.0833635330200195,3.86249757866608e-05,3.646338518592529e-05,3.810889393207617e-05,4.251006612321362e-05,3.741755790542811e-05,0.0016811874999878758
401,in_domain,probabilistic_gru_mean_scenario_without_uncertainty_conditioning_max_min_payload_primal_dual_unfolding,in-domain-test-00003,44,0.8536920547485352,170323088.0,0,0.32150211930274963,0.0,16.0,16.0,16.0,16.0,16.0,16.0,16.0,1.2354973554611206,1.1368544101715088,1.4450125694274902,1.2980341911315918,1.0620882511138916,3.952586939703906e-05,3.258383003412746e-05,4.048057962791063e-05,4.8212576075457036e-05,3.6826491850661114e-05,0.0016811874999878758
401,in_domain,probabilistic_gru_mean_scenario_without_uncertainty_conditioning_max_min_payload_primal_dual_unfolding,in-domain-test-00003,45,0.8833666443824768,145893712.0,0,0.2909010052680969,0.0,16.0,16.0,16.0,16.0,16.0,16.0,16.0,1.1747017353773117,0.8748950362205505,1.363020896911621,1.3276289701461792,1.133262038230896,3.790675054915482e-05,3.347239180584438e-05,3.868339263135567e-05,4.057686965097673e-05,3.88943481084425e-05,0.0016811874999878758
401,in_domain,probabilistic_gru_mean_scenario_without_uncertainty_conditioning_max_min_payload_primal_dual_unfolding,in-domain-test-00003,46,0.8149805665016174,166803568.0,1,0.2272576093673706,0.0,16.0,16.0,16.0,16.0,16.0,16.0,16.0,1.1722277700901031,0.9301966428756714,1.2083733081817627,1.217618703842163,1.3327224254608154,3.72230770153692e-05,3.366275268490426e-05,3.656794797279872e-05,3.820727579295635e-05,4.045433161081746e-05,0.0016811874999878758
401,in_domain,probabilistic_gru_mean_scenario_without_uncertainty_conditioning_max_min_payload_primal_dual_unfolding,in-domain-test-00003,47,0.956789493560791,157486432.0,0,0.2766360640525818,0.0,16.0,16.0,16.0,16.0,16.0,16.0,16.0,1.1659545302391052,0.9299275875091553,1.2457681894302368,1.3203794956207275,1.1677428483963013,3.9186263165902346e-05,2.970255445688963e-05,3.809437475865707e-05,3.9275128074223176e-05,4.967299537383951e-05,0.0016811874999878758
401,in_domain,probabilistic_gru_mean_scenario_without_uncertainty_conditioning_max_min_payload_primal_dual_unfolding,in-domain-test-00003,48,0.8981294631958008,157598272.0,0,0.25984543561935425,0.0,16.0,16.0,16.0,16.0,16.0,16.0,16.0,1.202028751373291,0.9202543497085571,1.3248517513275146,1.3716638088226318,1.1913450956344604,4.0735262700764e-05,3.192031363141723e-05,4.0346389141632244e-05,4.937973790219985e-05,4.1294610127806664e-05,0.0016811874999878758
401,in_domain,probabilistic_gru_mean_scenario_without_uncertainty_conditioning_max_min_payload_primal_dual_unfolding,in-domain-test-00003,49,0.9554610252380371,129865296.0,0,0.2945651113986969,0.0,16.0,16.0,16.0,16.0,16.0,16.0,16.0,1.2691447734832764,1.0411447286605835,1.340489149093628,1.381376028060913,1.313569188117981,3.869487227348145e-05,3.3682437788229436e-05,4.1712759411893785e-05,4.1613144276198e-05,3.7771147617604584e-05,0.0016811874999878758
401,in_domain,probabilistic_gru_mean_scenario_without_uncertainty_conditioning_max_min_payload_primal_dual_unfolding,in-domain-test-00003,50,0.8788516521453857,173568880.0,0,0.3169015645980835,0.0,16.0,16.0,16.0,16.0,16.0,16.0,16.0,1.2863747775554657,0.9423123598098755,1.222280502319336,1.7330355644226074,1.247870683670044,3.8121658690215554e-05,3.210510840290226e-05,3.765394649235532e-05,4.504067692323588e-05,3.768690294236876e-05,0.0016811874999878758
